,instrument,num_notes,num_solos
Art Pepper,"[u'as', u'cl']",3482,6
Ben Webster,[u'ts'],852,5
Benny Carter,[u'as'],1750,5
Benny Goodman,[u'cl'],1966,7
Bix Beiderbecke,[u'cor'],518,4
Bob Berg,[u'ts'],4000,6
Buck Clayton,[u'tp'],561,3
Cannonball Adderley,[u'as'],2475,5
Charlie Parker,[u'as'],1606,6
Chet Baker,[u'tp'],1079,6
Clifford Brown,[u'tp'],2890,7
Coleman Hawkins,[u'ts'],2465,6
David Liebman,"[u'ss', u'ts']",3210,5
David Murray,[u'ts'],2810,6
Dexter Gordon,[u'ts'],3702,5
Dickie Wells,[u'tb'],387,3
Dizzy Gillespie,[u'tp'],1384,5
Don Byas,[u'ts'],1928,7
Eric Dolphy,[u'as'],1500,3
Fats Navarro,[u'tp'],876,4
Freddie Hubbard,[u'tp'],2016,6
Gerry Mulligan,[u'bs'],1049,3
Hank Mobley,[u'ts'],1462,3
J.J. Johnson,[u'tb'],2215,5
Joe Henderson,[u'ts'],3534,6
Joe Lovano,"[u'ss', u'ts', u'ts-c']",4116,6
John Coltrane,"[u'ss', u'ts']",8042,11
Joshua Redman,[u'ts'],2344,5
Kenny Dorham,[u'tp'],1922,6
Kid Ory,[u'tb'],174,3
Lee Konitz,[u'as'],2202,5
Lester Young,[u'ts'],1452,6
Louis Armstrong,"[u'cor', u'tp']",782,6
Michael Brecker,[u'ts'],4076,6
Miles Davis,[u'tp'],2377,8
Ornette Coleman,[u'as'],2718,5
Paul Desmond,[u'as'],2119,8
Roy Eldridge,[u'tp'],1643,6
Sidney Bechet,[u'ss'],695,3
Sonny Rollins,[u'ts'],4797,12
Sonny Stitt,"[u'as', u'ts']",1239,4
Stan Getz,[u'ts'],3129,6
Steve Coleman,"[u'as', u'ts']",2776,7
Steve Lacy,[u'ss'],1661,5
Steve Turre,[u'tb'],1038,3
Wayne Shorter,[u'ts'],3510,10
Woody Shaw,"[u'cor', u'tp']",2435,6
