,avgtempo,base_name,filename_sv,genre,instrument,key,mel_id,performer,recording_year,recordingdate,rhythmfeel,signature,solopart,solotime,style,tempoclass,title,titleaddon,tonalitytype,tuning_frequency,intensity_5_to_95_percentile_range,num_notes
ArtPepper_Anthropology_PREFINAL,219.2,ArtPepper_Anthropology_PREFINAL,ArtPepper_Anthropology_PREFINAL.sv,WORMS,cl,Bb-maj,1,Art Pepper,1979,25 - 26. 05.1979,SWING,4/4,1,00:51 - 03:21,COOL,UP,Anthropology,,FUNCTIONAL,440.041,9.40860780549,503.0
ArtPepper_BluesforBlanche_PREFINAL,199.8,ArtPepper_BluesforBlanche_PREFINAL,ArtPepper_BluesforBlanche_PREFINAL.sv,ORIGINAL,as,Eb-blues,2,Art Pepper,1979,25 - 26. 05.1979,SWING,4/4,1,00:43 - 03:23,COOL,UP,Blues for Blanche,,BLUES,439.423,7.07444868124,601.0
ArtPepper_Desafinado_PREFINAL,140.6,ArtPepper_Desafinado_PREFINAL,ArtPepper_Desafinado_PREFINAL.sv,ORIGINAL,as,F-maj,3,Art Pepper,1979,25 - 26. 05.1979,LATIN,4/4,1,02:02 - 03:53,COOL,MEDIUM UP,Desafinado,,FUNCTIONAL,438.996,11.8170507825,360.0
ArtPepper_InAMellowTone_PREFINAL,167.7,ArtPepper_InAMellowTone_PREFINAL,ArtPepper_InAMellowTone_PREFINAL.sv,GREAT AMERICAN SONGBOOK,cl,Eb-maj,4,Art Pepper,1979,25 - 26. 05.1979,SWING,4/4,1,01:00 - 04:03,COOL,MEDIUM UP,In A Mellow Tone,,FUNCTIONAL,439.585,12.0021654294,557.0
ArtPepper_Stardust-1_PREFINAL,60.9,ArtPepper_Stardust-1_PREFINAL,ArtPepper_Stardust-1_PREFINAL.sv,GREAT AMERICAN SONGBOOK,as,Eb-maj,5,Art Pepper,1979,25 - 26. 05.1979,BALLAD,4/4,1,00:15 - 04:32,COOL,SLOW,Stardust,,FUNCTIONAL,439.508,12.4029019565,578.0
ArtPepper_Stardust-2_PREFINAL,60.6,ArtPepper_Stardust-2_PREFINAL,ArtPepper_Stardust-2_PREFINAL.sv,GREAT AMERICAN SONGBOOK,as,Eb-maj,6,Art Pepper,1979,25 - 26. 05.1979,BALLAD,4/4,2,05:31 - 10:21,COOL,SLOW,Stardust,,FUNCTIONAL,439.449,11.9085957181,883.0
BennyCarter_IGotItBad_PREFINAL,68.2,BennyCarter_IGotItBad_PREFINAL,BennyCarter_IGotItBad_PREFINAL.sv,GREAT AMERICAN SONGBOOK,as,Db-maj,7,Benny Carter,1952,1952-09-18,BALLAD,4/4,,00:00 - 02:52,SWING,SLOW,I Got It Bad,,FUNCTIONAL,441.813,17.5534446742,414.0
BennyCarter_It'sAWonderfulWorld-1_PREFINAL,124.0,BennyCarter_It'sAWonderfulWorld-1_PREFINAL,BennyCarter_It'sAWonderfulWorld-1_PREFINAL.sv,ORIGINAL,as,C-maj,8,Benny Carter,1986,1986-11-14,SWING,4/4,1,00:39-02:14,SWING,MEDIUM,It's a Wonderful World,,FUNCTIONAL,444.991,8.903199282,403.0
BennyCarter_It'sAWonderfulWorld-2_PREFINAL,127.2,BennyCarter_It'sAWonderfulWorld-2_PREFINAL,BennyCarter_It'sAWonderfulWorld-2_PREFINAL.sv,ORIGINAL,as,C-maj,9,Benny Carter,1986,1986-11-14,SWING,4/4,2,03:44-04:46,SWING,MEDIUM,It's a Wonderful World,,FUNCTIONAL,445.734,7.76528007926,303.0
BennyCarter_LongAgoAndFarAway-1_PREFINAL,185.4,BennyCarter_LongAgoAndFarAway-1_PREFINAL,BennyCarter_LongAgoAndFarAway-1_PREFINAL.sv,GREAT AMERICAN SONGBOOK,as,F-maj,10,Benny Carter,1952,1952-09-18,SWING,4/4,1,00:50 - 01:34,SWING,UP,Long Ago And Far Away,,FUNCTIONAL,442.105,16.273988048,373.0
BennyCarter_SweetLorraine_PREFINAL,91.8,BennyCarter_SweetLorraine_PREFINAL,BennyCarter_SweetLorraine_PREFINAL.sv,GREAT AMERICAN SONGBOOK,as,G-maj,11,Benny Carter,1986,1986-11-14,SWING,4/4,1,01:34-03:00,SWING,MEDIUM SLOW,Sweet Lorraine,,FUNCTIONAL,445.225,10.2673695078,257.0
BennyGoodman_Avalon_PREFINAL,239.7,BennyGoodman_Avalon_PREFINAL,BennyGoodman_Avalon_PREFINAL.sv,GREAT AMERICAN SONGBOOK,cl,Eb-maj,12,Benny Goodman,1937,1937-02-03,SWING,4/4,1,01:07 - 01:40,SWING,UP,Avalon,,FUNCTIONAL,437.726,10.5954825667,536.0
BennyGoodman_HandfulOfKeys_PREFINAL,303.5,BennyGoodman_HandfulOfKeys_PREFINAL,BennyGoodman_HandfulOfKeys_PREFINAL.sv,GREAT AMERICAN SONGBOOK,cl,Eb-maj,13,Benny Goodman,1937,1937,SWING,4/4,1,01:53-02:06,SWING,UP,Handful of Keys,,FUNCTIONAL,444.407,12.6088761329,387.0
BennyGoodman_Nobody'sSweetheart_PREFINAL,310.1,BennyGoodman_Nobody'sSweetheart_PREFINAL,BennyGoodman_Nobody'sSweetheart_PREFINAL.sv,GREAT AMERICAN SONGBOOK,cl,Ab-maj,14,Benny Goodman,1936,1936-04-27,SWING,4/4,,01:04 - 01:34,SWING,UP,Nobody's Sweetheart,,FUNCTIONAL,441.111,9.11063493274,229.0
BennyGoodman_Runnin'Wild_PREFINAL,284.8,BennyGoodman_Runnin'Wild_PREFINAL,BennyGoodman_Runnin'Wild_PREFINAL.sv,GREAT AMERICAN SONGBOOK,cl,Bb-maj,15,Benny Goodman,1937,1937-02-03,SWING,4/4,1,01:11 - 01:39,SWING,UP,Runnin' Wild,,FUNCTIONAL,440.423,10.8384056243,222.0
BennyGoodman_TigerRag-1_PREFINAL,268.5,BennyGoodman_TigerRag-1_PREFINAL,BennyGoodman_TigerRag-1_PREFINAL.sv,TRADITIONAL,cl,Ab-maj,16,Benny Goodman,1936,1936-12-02,SWING,4/4,1,00:06-00:56,SWING,UP,Tiger Rag,,FUNCTIONAL,437.748,16.0103417174,348.0
BennyGoodman_TigerRag-2_PREFINAL,271.4,BennyGoodman_TigerRag-2_PREFINAL,BennyGoodman_TigerRag-2_PREFINAL.sv,TRADITIONAL,cl,Ab-maj,17,Benny Goodman,1936,1936-12-02,SWING,4/4,2,00:06-00:56,SWING,UP,Tiger Rag,,FUNCTIONAL,436.758,12.9393604144,157.0
BennyGoodman_Whispering_PREFINAL,198.9,BennyGoodman_Whispering_PREFINAL,BennyGoodman_Whispering_PREFINAL.sv,GREAT AMERICAN SONGBOOK,cl,Eb-maj,18,Benny Goodman,1936,1936-12-02,SWING,4/4,1,00:43 - 01:24,SWING,UP,Whispering,,FUNCTIONAL,440.492,16.3719988643,87.0
BenWebster_ByeByeBlackbird_PREFINAL,140.9,BenWebster_ByeByeBlackbird_PREFINAL,BenWebster_ByeByeBlackbird_PREFINAL.sv,GREAT AMERICAN SONGBOOK,ts,G-maj,19,Ben Webster,1959,1959-11-08,SWING,4/4,1,02:58-05:41,SWING,MEDIUM UP,Bye Bye Blackbird,,FUNCTIONAL,440.797,11.8900673999,183.0
BenWebster_DidYouCallHerToday_PREFINAL,118.3,BenWebster_DidYouCallHerToday_PREFINAL,BenWebster_DidYouCallHerToday_PREFINAL.sv,ORIGINAL,ts,Ab-maj,20,Ben Webster,1962,1962-06-06,SWING,4/4,1,03:32-05:42,SWING,MEDIUM,Did You Call Her Today,,FUNCTIONAL,439.497,13.2337996372,141.0
BenWebster_MyIdeal_PREFINAL,74.1,BenWebster_MyIdeal_PREFINAL,BenWebster_MyIdeal_PREFINAL.sv,GREAT AMERICAN SONGBOOK,ts,Bb-maj,21,Ben Webster,1956,1956-09-11,SWING,4/4,,01:01-03:35,SWING,SLOW,My Ideal,,FUNCTIONAL,442.421,15.0243930216,173.0
BenWebster_NightAndDay_PREFINAL,181.8,BenWebster_NightAndDay_PREFINAL,BenWebster_NightAndDay_PREFINAL.sv,GREAT AMERICAN SONGBOOK,ts,D-maj,22,Ben Webster,1956,1956-09-11,SWING,4/4,1,01:10-03:17,SWING,UP,Night And Day,,FUNCTIONAL,444.733,12.2870016131,200.0
BenWebster_WhereOrWhen_PREFINAL,82.0,BenWebster_WhereOrWhen_PREFINAL,BenWebster_WhereOrWhen_PREFINAL.sv,GREAT AMERICAN SONGBOOK,ts,Ab-maj,23,Ben Webster,1956,1956-09-11,BALLAD,4/4,1,02:22-04:20,SWING,MEDIUM SLOW,Where or When,,FUNCTIONAL,442.427,12.4553201486,155.0
BixBeiderbecke_I'mComingVirginia_PREFINAL,131.6,BixBeiderbecke_I'mComingVirginia_PREFINAL,BixBeiderbecke_I'mComingVirginia_PREFINAL.sv,ORIGINAL,cor,F-maj,24,Bix Beiderbecke,1927,1927-12-05,TWOBEAT,4/4,1,01:28-02:59,TRADITIONAL,MEDIUM,I'm Coming Virginia,,FUNCTIONAL,451.419,11.5461106801,225.0
BixBeiderbecke_Margie_PREFINAL,181.4,BixBeiderbecke_Margie_PREFINAL,BixBeiderbecke_Margie_PREFINAL.sv,ORIGINAL,cor,Eb-maj,25,Bix Beiderbecke,1928,1928-09-21,TWOBEAT,4/4,,01:48 - 02:10,TRADITIONAL,UP,Margie,,FUNCTIONAL,438.489,7.56505940622,62.0
BixBeiderbecke_RoyalGardenBlues_PREFINAL,175.2,BixBeiderbecke_RoyalGardenBlues_PREFINAL,BixBeiderbecke_RoyalGardenBlues_PREFINAL.sv,ORIGINAL,cor,Bb-blues,26,Bix Beiderbecke,1927,1927-10-05,TWOBEAT,4/4,1,02:25 -  02:41,TRADITIONAL,MEDIUM UP,Royal Garden Blues,,BLUES,443.459,9.64018916318,71.0
BixBeiderbecke_SinginTheBlues_PREFINAL,133.6,BixBeiderbecke_SinginTheBlues_PREFINAL,BixBeiderbecke_SinginTheBlues_PREFINAL.sv,TRADITIONAL,cor,Eb-maj,27,Bix Beiderbecke,1927,04.20.1927,TWOBEAT,4/4,,01:02-02:02,TRADITIONAL,MEDIUM,Singin The Blues,,FUNCTIONAL,437.278,13.5109122336,160.0
BobBerg_Angles_PREFINAL,270.3,BobBerg_Angles_PREFINAL,BobBerg_Angles_PREFINAL.sv,ORIGINAL,ts,,28,Bob Berg,1993,1993,SWING,4/4,1,02:31-04:38,POSTBOP,UP,Angles,,COLOR,442.227,9.74388992186,761.0
BobBerg_BluesForBela_PREFINAL,250.7,BobBerg_BluesForBela_PREFINAL,BobBerg_BluesForBela_PREFINAL.sv,ORIGINAL,ts,C-min,29,Bob Berg,1993,1993,SWING,4/4,1,02:34-04:07,POSTBOP,UP,Blues For Bela,,BLUES,440.799,9.80956391992,503.0
BobBerg_IDidn'tKnowWhatTimeItWas_PREFINAL,127.2,BobBerg_IDidn'tKnowWhatTimeItWas_PREFINAL,BobBerg_IDidn'tKnowWhatTimeItWas_PREFINAL.sv,GREAT AMERICAN SONGBOOK,ts,F-maj,30,Bob Berg,1979,ca. 1979,SWING,4/4,1,05:43 - 09:08,POSTBOP,MEDIUM,I Didn't Know What Time It Was,,FUNCTIONAL,445.494,7.02552571512,866.0
BobBerg_NatureOfTheBeast_PREFINAL,131.8,BobBerg_NatureOfTheBeast_PREFINAL,BobBerg_NatureOfTheBeast_PREFINAL.sv,ORIGINAL,ts,C-min,31,Bob Berg,1993,1993,LATIN,4/4,,01:34 - 04:51,POSTBOP,MEDIUM,Nature of the Beast,,MODAL,442.024,10.2843972144,926.0
BobBerg_NoMoe_PREFINAL,160.6,BobBerg_NoMoe_PREFINAL,BobBerg_NoMoe_PREFINAL.sv,JAZZ-STANDARD,ts,Bb-maj,32,Bob Berg,1993,1993,SWING,4/4,1,00:48-03:07,POSTBOP,MEDIUM UP,No Moe,,FUNCTIONAL,442.173,10.9209154521,574.0
BobBerg_SecondSight_PREFINAL,114.0,BobBerg_SecondSight_PREFINAL,BobBerg_SecondSight_PREFINAL.sv,ORIGINAL,ts,Bb-maj,33,Bob Berg,1993,1993,FUNK,4/4,1,01:38-02:56,POSTBOP,MEDIUM,Second Sight,,FUNCTIONAL,440.811,11.2023680987,370.0
BuckClayton_AfterTheatreJump_PREFINAL,176.0,BuckClayton_AfterTheatreJump_PREFINAL,BuckClayton_AfterTheatreJump_PREFINAL.sv,ORIGINAL,tp,Db-maj,34,Buck Clayton,1944,1944-03-22,SWING,4/4,1,01:31 - 02:15,SWING,MEDIUM UP,After Theatre Jump,,FUNCTIONAL,448.173,18.7932430046,156.0
BuckClayton_DestinationK.C._PREFINAL,247.5,BuckClayton_DestinationK.C._PREFINAL,BuckClayton_DestinationK.C._PREFINAL.sv,ORIGINAL,tp,C-maj,35,Buck Clayton,1944,1944-03-22,SWING,4/4,1,01:09 - 02:10,SWING,UP,Destination K.C.,,FUNCTIONAL,447.272,14.9034656026,255.0
BuckClayton_Dickie'sDream_PREFINAL,232.4,BuckClayton_Dickie'sDream_PREFINAL,BuckClayton_Dickie'sDream_PREFINAL.sv,ORIGINAL,tp,C-min,36,Buck Clayton,1939,1939-09-05,SWING,4/4,1,00:38 - 01:11,SWING,UP,Dickie's Dream,,FUNCTIONAL,436.412,15.3584194772,150.0
CannonballAdderley_HighFly_PREFINAL,129.0,CannonballAdderley_HighFly_PREFINAL,CannonballAdderley_HighFly_PREFINAL.sv,ORIGINAL,as,Bb-maj,37,Cannonball Adderley,1959,18. + 20.10.1959,SWING,4/4,1,01:57-03:58,HARDBOP,MEDIUM,High Fly,,FUNCTIONAL,440.657,10.3410408835,529.0
CannonballAdderley_SoWhat_PREFINAL,142.6,CannonballAdderley_SoWhat_PREFINAL,CannonballAdderley_SoWhat_PREFINAL.sv,ORIGINAL,as,D-dor,38,Cannonball Adderley,1959,1959-03-02,SWING,4/4,1,05:11 - 06:58,HARDBOP,MEDIUM UP,So What,,MODAL,452.768,12.0128430214,424.0
CannonballAdderley_StarEyes_PREFINAL,194.3,CannonballAdderley_StarEyes_PREFINAL,CannonballAdderley_StarEyes_PREFINAL.sv,GREAT AMERICAN SONGBOOK,as,Eb-maj,39,Cannonball Adderley,1961,1961-05-11,SWING,4/4,1,02:44-04:13,HARDBOP,UP,Star Eyes,,FUNCTIONAL,441.759,14.2609248655,411.0
CannonballAdderley_ThisHere_PREFINAL,175.1,CannonballAdderley_ThisHere_PREFINAL,CannonballAdderley_ThisHere_PREFINAL.sv,ORIGINAL,as,F-blues,40,Cannonball Adderley,1959,18. + 20.10.1959,SWING,6/8,1,02:38-05:25,HARDBOP,MEDIUM UP,This Here,,BLUES,439.647,8.98182014925,744.0
CannonballAdderley_WorkSong_PREFINAL,156.5,CannonballAdderley_WorkSong_PREFINAL,CannonballAdderley_WorkSong_PREFINAL.sv,ORIGINAL,as,F-min,41,Cannonball Adderley,1960,1960-02-01,SWING,4/4,,00:49 - 02:27,HARDBOP,MEDIUM UP,Work Song,,FUNCTIONAL,439.408,13.3787393517,367.0
CharlieParker_Billie'sBounce_PREFINAL,157.5,CharlieParker_Billie'sBounce_PREFINAL,CharlieParker_Billie'sBounce_PREFINAL.sv,WORMS,as,F-blues,42,Charlie Parker,1946,1946-03-28,SWING,4/4,1,00:41-01:54,BEBOP,MEDIUM UP,Billie's Bounce,,BLUES,432.474,12.948476973,298.0
CharlieParker_DonnaLee_PREFINAL,224.7,CharlieParker_DonnaLee_PREFINAL,CharlieParker_DonnaLee_PREFINAL.sv,WORMS,as,Ab-maj,43,Charlie Parker,1947,1947-05-08,SWING,4/4,1,00:33-1:44,BEBOP,UP,Donna Lee,,FUNCTIONAL,437.053,15.1330857442,364.0
CharlieParker_Ornithology_1946_PREFINAL,220.3,CharlieParker_Ornithology_1946_PREFINAL,CharlieParker_Ornithology_1946_PREFINAL.sv,WORMS,as,G-maj,44,Charlie Parker,1946,1946-07-29,SWING,4/4,1,00:39-01:15,BEBOP,UP,Ornithology,1946,FUNCTIONAL,438.045,13.3717134438,186.0
CharlieParker_ScrappleFromTheApple_PREFINAL,197.3,CharlieParker_ScrappleFromTheApple_PREFINAL,CharlieParker_ScrappleFromTheApple_PREFINAL.sv,WORMS,as,F-maj,45,Charlie Parker,1947,1947-11-04,SWING,4/4,1,00:49-01:28,BEBOP,UP,Scrapple From The Apple,,FUNCTIONAL,434.918,10.4504963451,230.0
CharlieParker_ThrivingOnARiff_PREFINAL,226.3,CharlieParker_ThrivingOnARiff_PREFINAL,CharlieParker_ThrivingOnARiff_PREFINAL.sv,WORMS,as,Bb-maj,46,Charlie Parker,1945,1945-11-26,SWING,4/4,,00:38-01:47,BEBOP,UP,Thriving On A Riff,,FUNCTIONAL,432.674,15.0840182166,342.0
CharlieParker_YardbirdSuite_PREFINAL,210.5,CharlieParker_YardbirdSuite_PREFINAL,CharlieParker_YardbirdSuite_PREFINAL.sv,ORIGINAL,as,C-maj,47,Charlie Parker,1946,1946,SWING,4/4,1,00:45 - 01:23,BEBOP,UP,Yardbird Suite,,FUNCTIONAL,436.087,13.9045893585,186.0
ChetBaker_IFallInLoveToEasily_PREFINAL,65.4,ChetBaker_IFallInLoveToEasily_PREFINAL,ChetBaker_IFallInLoveToEasily_PREFINAL.sv,GREAT AMERICAN SONGBOOK,tp,Eb-maj,49,Chet Baker,1954,1954-02-15,SWING,4/4,1,00:56-01:56,COOL,SLOW,I Fall In Love To Easily,,FUNCTIONAL,440.138,19.2542944742,119.0
ChetBaker_JustFriends_PREFINAL,189.9,ChetBaker_JustFriends_PREFINAL,ChetBaker_JustFriends_PREFINAL.sv,GREAT AMERICAN SONGBOOK,tp,G-maj,50,Chet Baker,1955,1955-03-07,SWING,4/4,1,00:55 - 01:47,COOL,UP,Just Friends,,FUNCTIONAL,430.759,14.5086830003,188.0
ChetBaker_Let'sGetLost_PREFINAL,157.5,ChetBaker_Let'sGetLost_PREFINAL,ChetBaker_Let'sGetLost_PREFINAL.sv,GREAT AMERICAN SONGBOOK,tp,C-maj,51,Chet Baker,1955,1955-03-07,SWING,4/4,1,01:54 - 02:42,COOL,MEDIUM UP,Let's Get Lost,,FUNCTIONAL,433.618,12.6457756424,130.0
ChetBaker_LongAgoAndFarAway_PREFINAL,178.1,ChetBaker_LongAgoAndFarAway_PREFINAL,ChetBaker_LongAgoAndFarAway_PREFINAL.sv,GREAT AMERICAN SONGBOOK,tp,G-maj,52,Chet Baker,1955,1955-03-07,SWING,4/4,1,00:52 - 01:38,COOL,MEDIUM UP,Long Ago And Far Away,,FUNCTIONAL,434.147,14.1542586754,169.0
ChetBaker_Two'sBlues_PREFINAL,201.7,ChetBaker_Two'sBlues_PREFINAL,ChetBaker_Two'sBlues_PREFINAL.sv,ORIGINAL,tp,G-min,53,Chet Baker,1975,1975-04-16,SWING,4/4,1,00:29-01:29,COOL,UP,Two's Blues,,BLUES,440.087,7.20087782429,172.0
ChetBaker_You'dBeSoNiceToComeHomeTo_PREFINAL,225.7,ChetBaker_You'dBeSoNiceToComeHomeTo_PREFINAL,ChetBaker_You'dBeSoNiceToComeHomeTo_PREFINAL.sv,GREAT AMERICAN SONGBOOK,tp,G-min,54,Chet Baker,1975,1975-04-23,SWING,4/4,1,02:56-04:04,COOL,UP,You'd Be So Nice to Come Home To,,FUNCTIONAL,439.997,5.80750140513,301.0
CliffordBrown_Daahoud_PREFINAL,241.2,CliffordBrown_Daahoud_PREFINAL,CliffordBrown_Daahoud_PREFINAL.sv,ORIGINAL,tp,Eb-maj,56,Clifford Brown,1954,1954-08-06,SWING,4/4,,00:38 - 01:42,HARDBOP,UP,Daahoud,,FUNCTIONAL,442.487,14.0127790105,383.0
CliffordBrown_George'sDilemma_PREFINAL,155.3,CliffordBrown_George'sDilemma_PREFINAL,CliffordBrown_George'sDilemma_PREFINAL.sv,ORIGINAL,tp,Db-min,57,Clifford Brown,1955,1955-02-24,A:LATIN/B:SWING,4/4,1,01:09 - 02:50,HARDBOP,MEDIUM UP,George's Dilemma,,FUNCTIONAL,439.379,12.9102133837,400.0
CliffordBrown_I'llRememberApril_PREFINAL,142.7,CliffordBrown_I'llRememberApril_PREFINAL,CliffordBrown_I'llRememberApril_PREFINAL.sv,GREAT AMERICAN SONGBOOK,tp,G-maj,58,Clifford Brown,1956,1956-02-16,SWING,4/4,1,01:41 - 03:03,HARDBOP,MEDIUM UP,I'll Remember April,,FUNCTIONAL,440.673,14.7973951281,543.0
CliffordBrown_Jordu_PREFINAL,139.7,CliffordBrown_Jordu_PREFINAL,CliffordBrown_Jordu_PREFINAL.sv,ORIGINAL,tp,Eb-maj,59,Clifford Brown,1954,1954-08-03,SWING,4/4,,00:57 - 02:48,HARDBOP,MEDIUM,Jordu,,FUNCTIONAL,438.537,17.7398979203,526.0
CliffordBrown_JoySpring_PREFINAL,161.2,CliffordBrown_JoySpring_PREFINAL,CliffordBrown_JoySpring_PREFINAL.sv,WORMS,tp,F-maj,60,Clifford Brown,1945,1945-08-06,SWING,4/4,1,01:46 - 03:20,HARDBOP,MEDIUM UP,Joy Spring,,FUNCTIONAL,441.022,11.1935638724,449.0
CliffordBrown_Sandu_PREFINAL,140.1,CliffordBrown_Sandu_PREFINAL,CliffordBrown_Sandu_PREFINAL.sv,ORIGINAL,tp,Eb-blues,61,Clifford Brown,1955,1955-02-25,SWING,4/4,1,00:39 - 01:25,HARDBOP,MEDIUM UP,Sandu,,BLUES,440.927,13.0055747048,199.0
CliffordBrown_Stompin'AtTheSavoy_PREFINAL,163.9,CliffordBrown_Stompin'AtTheSavoy_PREFINAL,CliffordBrown_Stompin'AtTheSavoy_PREFINAL.sv,GREAT AMERICAN SONGBOOK,tp,Db-maj,62,Clifford Brown,1954,1954-08-03,SWING,4/4,,02:27 - 04:01,HARDBOP,MEDIUM UP,Stompin' At The Savoy,,FUNCTIONAL,440.796,17.3741941463,390.0
ColemanHawkins_BodyAndSoul_PREFINAL,95.1,ColemanHawkins_BodyAndSoul_PREFINAL,ColemanHawkins_BodyAndSoul_PREFINAL.sv,GREAT AMERICAN SONGBOOK,ts,Db-maj,63,Coleman Hawkins,1939,1939-10-11,SWING,4/4,1,00:05 - 02:55,SWING,MEDIUM SLOW,Body And Soul,,FUNCTIONAL,445.399,13.3976599713,617.0
ColemanHawkins_It'sOnlyAPapermoon_PREFINAL,133.8,ColemanHawkins_It'sOnlyAPapermoon_PREFINAL,ColemanHawkins_It'sOnlyAPapermoon_PREFINAL.sv,GREAT AMERICAN SONGBOOK,ts,F-maj,64,Coleman Hawkins,1949,1949-12-21,SWING,4/4,1,01:04-02:02,SWING,MEDIUM,It's Only A Papermoon,,FUNCTIONAL,432.741,9.58403013924,246.0
ColemanHawkins_MyBlueHeaven_PREFINAL,132.1,ColemanHawkins_MyBlueHeaven_PREFINAL,ColemanHawkins_MyBlueHeaven_PREFINAL.sv,GREAT AMERICAN SONGBOOK,ts,Eb-maj,65,Coleman Hawkins,1950,1950,SWING,4/4,1,00:58-01:58,SWING,MEDIUM,My Blue Heaven,,FUNCTIONAL,443.556,12.8005159499,199.0
ColemanHawkins_Perdido_PREFINAL,177.5,ColemanHawkins_Perdido_PREFINAL,ColemanHawkins_Perdido_PREFINAL.sv,GREAT AMERICAN SONGBOOK,ts,Bb-maj,66,Coleman Hawkins,1950,1950,SWING,4/4,,00:51-02:21,SWING,MEDIUM UP,Perdido,,FUNCTIONAL,444.052,11.3389146481,436.0
ColemanHawkins_SophisticatedLady_PREFINAL,67.4,ColemanHawkins_SophisticatedLady_PREFINAL,ColemanHawkins_SophisticatedLady_PREFINAL.sv,GREAT AMERICAN SONGBOOK,ts,Ab-maj,67,Coleman Hawkins,1949,1949-12-21,BALLAD,4/4,1,00:13-03:07,SWING,SLOW,Sophisticated Lady,,FUNCTIONAL,430.771,10.4516646545,639.0
ColemanHawkins_Stompin'AtTheSavoy_PREFINAL,250.0,ColemanHawkins_Stompin'AtTheSavoy_PREFINAL,ColemanHawkins_Stompin'AtTheSavoy_PREFINAL.sv,GREAT AMERICAN SONGBOOK,ts,Db-maj,68,Coleman Hawkins,1954,1954,SWING,4/4,1,00:37 - 01:41,SWING,UP,Stompin' At The Savoy,,FUNCTIONAL,438.845,15.29898287,328.0
DavidLiebman_NoGreaterLove_PREFINAL,210.5,DavidLiebman_NoGreaterLove_PREFINAL,DavidLiebman_NoGreaterLove_PREFINAL.sv,GREAT AMERICAN SONGBOOK,ts,Bb-maj,71,David Liebman,1996,1996-01-05,SWING,4/4,,00:40 - 01:53,POSTBOP,UP,No Greater Love,,FUNCTIONAL,440.96,10.6946750493,299.0
DavidLiebman_Pablo'sStory_PREFINAL,144.1,DavidLiebman_Pablo'sStory_PREFINAL,DavidLiebman_Pablo'sStory_PREFINAL.sv,ORIGINAL,ss,E-min,72,David Liebman,1988,1988,LATIN/FUNK,4/4,1,03:07 - 06:11,POSTBOP,MEDIUM UP,Pablo's Story,,MODAL,443.285,10.5283726534,628.0
DavidLiebman_Pendulum_PREFINAL,258.8,DavidLiebman_Pendulum_PREFINAL,DavidLiebman_Pendulum_PREFINAL.sv,ORIGINAL,ss,F#,73,David Liebman,1988,1988,FUNK/SWING,4/4,1,01:12 - 03:31,POSTBOP,UP,Pendulum,,FREE,442.417,9.89774136942,564.0
DavidLiebman_SoftlyAsInAMorningSunrise_PREFINAL,260.8,DavidLiebman_SoftlyAsInAMorningSunrise_PREFINAL,DavidLiebman_SoftlyAsInAMorningSunrise_PREFINAL.sv,GREAT AMERICAN SONGBOOK,ss,C-min,74,David Liebman,1988,1988,SWING,4/4,1,00:47 - 4:21,POSTBOP,UP,Softly As In A Morning Sunrise,,MODAL,442.716,8.13841650863,994.0
DavidLiebman_ThereWillNeverBeAnotherYou_PREFINAL,151.0,DavidLiebman_ThereWillNeverBeAnotherYou_PREFINAL,DavidLiebman_ThereWillNeverBeAnotherYou_PREFINAL.sv,GREAT AMERICAN SONGBOOK,ts,Eb-maj,75,David Liebman,1996,1996-01-05,SWING,4/4,1,01.03 - 03.34,POSTBOP,MEDIUM UP,There Will Never Be Another You,,FUNCTIONAL,441.338,10.5378169575,725.0
DavidMurray_AskMeNow_PREFINAL,131.4,DavidMurray_AskMeNow_PREFINAL,DavidMurray_AskMeNow_PREFINAL.sv,ORIGINAL,ts,Db-maj,76,David Murray,1991,1991-04-23,SWING,4/4,1,02:43 - 03:42,POSTBOP,MEDIUM,Ask Me Now,,FUNCTIONAL,441.158,13.0145628826,261.0
DavidMurray_BluesForTwo-1_PREFINAL,61.1,DavidMurray_BluesForTwo-1_PREFINAL,DavidMurray_BluesForTwo-1_PREFINAL.sv,ORIGINAL,ts,Bb-blues,77,David Murray,1990,1990-05-19,SWING,4/4,1,00:17-05:54,POSTBOP,SLOW,Blues For Two,,BLUES,439.039,12.547606998,1209.0
DavidMurray_BluesForTwo-2_PREFINAL,63.3,DavidMurray_BluesForTwo-2_PREFINAL,DavidMurray_BluesForTwo-2_PREFINAL.sv,ORIGINAL,ts,Bb-blues,78,David Murray,1990,1990-05-19,SWING,4/4,2,07:17-08:10,POSTBOP,SLOW,Blues For Two,,BLUES,438.847,13.8685096626,121.0
DavidMurray_BodyAndSoul-1_PREFINAL,66.0,DavidMurray_BodyAndSoul-1_PREFINAL,DavidMurray_BodyAndSoul-1_PREFINAL.sv,GREAT AMERICAN SONGBOOK,ts,Db-maj,79,David Murray,1983,"25, 26 & 30.09 1983",BALLAD,4/4,1,02:01 - 03:58,POSTBOP,SLOW,Body And Soul,,FUNCTIONAL,440.092,10.8613118598,548.0
DavidMurray_BodyAndSoul-2_PREFINAL,66.1,DavidMurray_BodyAndSoul-2_PREFINAL,DavidMurray_BodyAndSoul-2_PREFINAL.sv,GREAT AMERICAN SONGBOOK,ts,Db-maj,80,David Murray,1983,"25, 26 & 30.09 1983",BALLAD,4/4,2,04:57 - 05:28,POSTBOP,SLOW,Body And Soul,,FUNCTIONAL,440.087,10.6047424,142.0
DavidMurray_ChelseaBridge_PREFINAL,53.3,DavidMurray_ChelseaBridge_PREFINAL,DavidMurray_ChelseaBridge_PREFINAL.sv,GREAT AMERICAN SONGBOOK,ts,Db-maj,81,David Murray,1990,1990-05-19,BALLAD,4/4,1,02:28-04:48,POSTBOP,SLOW,Chelsea Bridge,,FUNCTIONAL,438.724,12.5148176396,529.0
DexterGordon_Cheesecake_PREFINAL,220.6,DexterGordon_Cheesecake_PREFINAL,DexterGordon_Cheesecake_PREFINAL.sv,ORIGINAL,ts,C-min,82,Dexter Gordon,1962,1962-08-27,SWING,4/4,1,01:11 - 03:15,SWING,UP,Cheese Cake,,FUNCTIONAL,440.035,10.1597285681,572.0
DexterGordon_Montmartre_PREFINAL,203.7,DexterGordon_Montmartre_PREFINAL,DexterGordon_Montmartre_PREFINAL.sv,ORIGINAL,ts,Bb-min,83,Dexter Gordon,1969,02.+04.04.1969,SWING,4/4,1,00:56 - 03:31,SWING,UP,Montmartre,,FUNCTIONAL,439.399,10.2529224392,654.0
DexterGordon_SocietyRed_PREFINAL,113.6,DexterGordon_SocietyRed_PREFINAL,DexterGordon_SocietyRed_PREFINAL.sv,ORIGINAL,ts,F-blues,84,Dexter Gordon,1961,1961-05-06,SWING,4/4,1,03:57 - 08:03,BEBOP,MEDIUM,Society Red,,BLUES,440.066,11.737281116,1006.0
DexterGordon_StanleyTheSteamer_PREFINAL,180.9,DexterGordon_StanleyTheSteamer_PREFINAL,DexterGordon_StanleyTheSteamer_PREFINAL.sv,ORIGINAL,ts,Bb-blues,85,Dexter Gordon,1969,02.+04.04.1969,SWING,4/4,,00:34 - 03:44,BEBOP,UP,Stanley The Steamer,,FUNCTIONAL,439.994,11.6539943463,751.0
DexterGordon_TheRainbowPeople_PREFINAL,119.9,DexterGordon_TheRainbowPeople_PREFINAL,DexterGordon_TheRainbowPeople_PREFINAL.sv,ORIGINAL,ts,Eb-maj,86,Dexter Gordon,1969,02.+04.04.1969,SWING,4/4,1,01:09 - 04:27,BEBOP,MEDIUM,The Rainbow People,,FUNCTIONAL,439.85,10.6327859223,719.0
DickieWells_AfterTheatreJump_PREFINAL,172.6,DickieWells_AfterTheatreJump_PREFINAL,DickieWells_AfterTheatreJump_PREFINAL.sv,GREAT AMERICAN SONGBOOK,tb,Db-maj,87,Dickie Wells,1944,1944-03-22,SWING,4/4,,03:42 - 04:26,SWING,MEDIUM UP,After Theatre Jump,,FUNCTIONAL,448.351,8.90271126623,158.0
DickieWells_DestinationK.C._PREFINAL,249.2,DickieWells_DestinationK.C._PREFINAL,DickieWells_DestinationK.C._PREFINAL.sv,ORIGINAL,tb,C-maj,88,Dickie Wells,1944,1944-03-22,SWING,4/4,1,00:37 - 01:09,SWING,UP,Destination K.C.,,FUNCTIONAL,446.821,10.8915044593,121.0
DickieWells_Dickie'sDream_PREFINAL,227.9,DickieWells_Dickie'sDream_PREFINAL,DickieWells_Dickie'sDream_PREFINAL.sv,ORIGINAL,tb,C-min,89,Dickie Wells,1939,1939-09-05,SWING,4/4,1,01:45 - 02:18,SWING,UP,Dickie's Dream,,FUNCTIONAL,435.243,10.4722396847,108.0
DizzyGillespie_Anthropology_PREFINAL,245.7,DizzyGillespie_Anthropology_PREFINAL,DizzyGillespie_Anthropology_PREFINAL.sv,ORIGINAL,tp,Bb-maj,90,Dizzy Gillespie,1946,1946-02-22,SWING,4/4,1,01:03 - 01:35,BEBOP,UP,Anthropology,,FUNCTIONAL,437.379,7.34061572922,157.0
DizzyGillespie_Be=Bop_PREFINAL,290.5,DizzyGillespie_Be=Bop_PREFINAL,DizzyGillespie_Be=Bop_PREFINAL.sv,WORMS,tp,F-min,91,Dizzy Gillespie,1945,1945-01-09,SWING,4/4,,01:28 - 02:48,BEBOP,UP,Be-Bop,,FUNCTIONAL,439.751,13.7059784636,487.0
DizzyGillespie_CognacBlues_PREFINAL,113.4,DizzyGillespie_CognacBlues_PREFINAL,DizzyGillespie_CognacBlues_PREFINAL.sv,ORIGINAL,tp,F-blues,92,Dizzy Gillespie,1952,1952-03-25,SWING,4/4,,01:41-2:24,BEBOP,MEDIUM,Cognac Blues,,BLUES,433.939,9.68650877608,148.0
DizzyGillespie_Groovin'High_PREFINAL,182.3,DizzyGillespie_Groovin'High_PREFINAL,DizzyGillespie_Groovin'High_PREFINAL.sv,ORIGINAL,tp,Db-maj,93,Dizzy Gillespie,1945,1945-12-29,SWING,4/4,1,02:37 - 03:59,BEBOP,UP,Groovin' High,,FUNCTIONAL,441.994,14.7385638279,391.0
DizzyGillespie_HotHouse_PREFINAL,171.1,DizzyGillespie_HotHouse_PREFINAL,DizzyGillespie_HotHouse_PREFINAL.sv,WORMS,tp,C-maj,94,Dizzy Gillespie,1945,1945-05-11,SWING,4/4,1,01:36 -  02:20,BEBOP,MEDIUM UP,Hot House,,FUNCTIONAL,449.096,11.1321713814,201.0
DonByas_Be=Bop_PREFINAL,287.6,DonByas_Be=Bop_PREFINAL,DonByas_Be=Bop_PREFINAL.sv,WORMS,ts,F-min,95,Don Byas,1945,1945-01-09,SWING,4/4,,00:35 - 01:28,BEBOP,UP,Be-Bop,,FUNCTIONAL,440.215,8.54684851709,318.0
DonByas_BodyAndSoul_PREFINAL,98.9,DonByas_BodyAndSoul_PREFINAL,DonByas_BodyAndSoul_PREFINAL.sv,GREAT AMERICAN SONGBOOK,ts,Db-maj,96,Don Byas,1947,1947,SWING,4/4,1,00:09 - 02:42,SWING,MEDIUM SLOW,Body And Soul,,FUNCTIONAL,428.177,13.9023486685,701.0
DonByas_CognacBlues_PREFINAL,116.0,DonByas_CognacBlues_PREFINAL,DonByas_CognacBlues_PREFINAL.sv,ORIGINAL,ts,F-blues,97,Don Byas,1952,1952-03-25,SWING,4/4,,00:53-01:41,SWING,MEDIUM,Cognac Blues,,BLUES,432.865,10.2258314956,167.0
DonByas_HarvardBlues-1_PREFINAL,98.9,DonByas_HarvardBlues-1_PREFINAL,DonByas_HarvardBlues-1_PREFINAL.sv,BLUES,ts,Db-blues,98,Don Byas,1945,1945-08-30,SWING,4/4,1,00:40-01:08,SWING,MEDIUM SLOW,Harvard Blues,,BLUES,433.81,11.1820243893,75.0
DonByas_HarvardBlues-2_PREFINAL,99.0,DonByas_HarvardBlues-2_PREFINAL,DonByas_HarvardBlues-2_PREFINAL.sv,ORIGINAL,ts,Db-blues,99,Don Byas,1945,1945-08-30,SWING,4/4,2,02:35-03:06,SWING,MEDIUM SLOW,Harvard Blues,,BLUES,434.062,12.4343662104,122.0
DonByas_OutOfNowhere_PREFINAL,56.8,DonByas_OutOfNowhere_PREFINAL,DonByas_OutOfNowhere_PREFINAL.sv,GREAT AMERICAN SONGBOOK,ts,F-maj,100,Don Byas,1945,1945-06-27,BALLAD,4/4,1,02:02-03:15,SWING,SLOW,Out Of Nowhere,,FUNCTIONAL,435.626,12.9958923591,251.0
DonByas_UnAmourPleurait_PREFINAL,105.8,DonByas_UnAmourPleurait_PREFINAL,DonByas_UnAmourPleurait_PREFINAL.sv,GREAT AMERICAN SONGBOOK,ts,F-maj,101,Don Byas,1952,1952-02-06,SWING,4/4,,01:22-02:37,SWING,MEDIUM SLOW,Un Amour Pleurait,,FUNCTIONAL,440.186,9.2597974733,294.0
EricDolphy_245_PREFINAL,71.2,EricDolphy_245_PREFINAL,EricDolphy_245_PREFINAL.sv,ORIGINAL,as,F-blues,104,Eric Dolphy,1960,1960-04-01,SWING,4/4,1,04:00 - 06:01,POSTBOP,SLOW,245,,BLUES,437.405,9.29777230757,645.0
EricDolphy_Aisha_PREFINAL,63.1,EricDolphy_Aisha_PREFINAL,EricDolphy_Aisha_PREFINAL.sv,ORIGINAL,as,A-min,105,Eric Dolphy,1961,1961-05-25,BALLAD,4/4,1,03:13 - 04:17,POSTBOP,SLOW,Aisha,,FUNCTIONAL,440.984,13.2152751185,356.0
EricDolphy_DahomeyDance_PREFINAL,129.0,EricDolphy_DahomeyDance_PREFINAL,EricDolphy_DahomeyDance_PREFINAL.sv,ORIGINAL,as,G-blues,106,Eric Dolphy,1961,1961-05-25,SWING,4/4,,06:12 - 08:29,POSTBOP,MEDIUM,Dahomey Dance,,BLUES,443.182,10.7655149778,499.0
FatsNavarro_GoodBait_AlternateTake_PREFINAL,146.5,FatsNavarro_GoodBait_AlternateTake_PREFINAL,FatsNavarro_GoodBait_AlternateTake_PREFINAL.sv,WORMS,tp,Bb-maj,107,Fats Navarro,1948,1948,SWING,4/4,1,01:58 - 02:52,BEBOP,MEDIUM UP,Good Bait,Alternate Take,FUNCTIONAL,451.114,17.2410375332,246.0
FatsNavarro_GoodBait_PREFINAL,147.9,FatsNavarro_GoodBait_PREFINAL,FatsNavarro_GoodBait_PREFINAL.sv,WORMS,tp,Bb-maj,108,Fats Navarro,1948,1948,SWING,4/4,1,01:58 - 02:52,BEBOP,MEDIUM UP,Good Bait,,FUNCTIONAL,433.382,13.7210276814,273.0
FatsNavarro_OurDelight_PREFINAL,200.2,FatsNavarro_OurDelight_PREFINAL,FatsNavarro_OurDelight_PREFINAL.sv,ORIGINAL,tp,Ab-maj,109,Fats Navarro,1948,1948,SWING,4/4,1,01:21 - 02:01,BEBOP,UP,Our Delight,,FUNCTIONAL,438.798,12.9188420444,202.0
FatsNavarro_TheSkunk_PREFINAL,164.0,FatsNavarro_TheSkunk_PREFINAL,FatsNavarro_TheSkunk_PREFINAL.sv,BLUES,tp,Db-blues,110,Fats Navarro,1948,1948-10-11,SWING,4/4,,01:12 - 01:48,BEBOP,MEDIUM UP,The Skunk,,FUNCTIONAL,438.757,12.0184315317,155.0
FreddieHubbard_245_PREFINAL,72.7,FreddieHubbard_245_PREFINAL,FreddieHubbard_245_PREFINAL.sv,ORIGINAL,tp,F-blues,111,Freddie Hubbard,1960,1960-04-01,SWING,4/4,1,00:41 - 02:43,POSTBOP,SLOW,245,,BLUES,437.576,5.52239926329,419.0
FreddieHubbard_DolphinDance_PREFINAL,119.1,FreddieHubbard_DolphinDance_PREFINAL,FreddieHubbard_DolphinDance_PREFINAL.sv,ORIGINAL,tp,,112,Freddie Hubbard,1966,1966-03-17,SWING,4/4,1,01:20 - 03:33,POSTBOP,MEDIUM,Dolphin Dance,,COLOR,435.962,14.6643451804,401.0
FreddieHubbard_DownUnder_PREFINAL,145.8,FreddieHubbard_DownUnder_PREFINAL,FreddieHubbard_DownUnder_PREFINAL.sv,ORIGINAL,tp,Gb-min,113,Freddie Hubbard,1961,1961-10-02,SWING,4/4,1,03:05-03:49,HARDBOP,MEDIUM UP,Down Under,,BLUES,440.667,8.80714384335,105.0
FreddieHubbard_MaidenVoyage_PREFINAL,127.4,FreddieHubbard_MaidenVoyage_PREFINAL,FreddieHubbard_MaidenVoyage_PREFINAL.sv,ORIGINAL,tp,D,114,Freddie Hubbard,1965,1965-03-17,SWING,4/4,,02:25-04:25,POSTBOP,MEDIUM,Maiden Voyage,,MODAL,437.622,13.2135641509,411.0
FreddieHubbard_SocietyRed_PREFINAL,113.9,FreddieHubbard_SocietyRed_PREFINAL,FreddieHubbard_SocietyRed_PREFINAL.sv,ORIGINAL,tp,F-blues,115,Freddie Hubbard,1961,1961-05-06,SWING,4/4,1,01:17 - 03:47,POSTBOP,MEDIUM,Society Red,,BLUES,440.661,11.0333277545,443.0
FreddieHubbard_SpeakNoEvil_PREFINAL,143.2,FreddieHubbard_SpeakNoEvil_PREFINAL,FreddieHubbard_SpeakNoEvil_PREFINAL.sv,ORIGINAL,tp,C-min,116,Freddie Hubbard,1964,1964-12-24,SWING,4/4,1,04:19-05:41,POSTBOP,MEDIUM UP,Speak No Evil,,COLOR,439.448,11.713210626,237.0
GerryMulligan_LineForLyons_PREFINAL,173.6,GerryMulligan_LineForLyons_PREFINAL,GerryMulligan_LineForLyons_PREFINAL.sv,ORIGINAL,bs,Bb-maj,117,Gerry Mulligan,1957,1957-08-27,SWING,4/4,,00:43 - 01:30,COOL,MEDIUM UP,Line For Lyons,,FUNCTIONAL,452.745,12.9974792438,196.0
GerryMulligan_ScrappleFromTheApple_PREFINAL,252.4,GerryMulligan_ScrappleFromTheApple_PREFINAL,GerryMulligan_ScrappleFromTheApple_PREFINAL.sv,WORMS,bs,G-min,118,Gerry Mulligan,1957,1957-10-12,SWING,4/4,,01:04 - 03:07,COOL,UP,Scrapple From The Apple,,FUNCTIONAL,441.363,8.79333242284,652.0
GerryMulligan_WalkingShoes_PREFINAL,137.2,GerryMulligan_WalkingShoes_PREFINAL,GerryMulligan_WalkingShoes_PREFINAL.sv,ORIGINAL,bs,G-maj,119,Gerry Mulligan,1952,15.-16.10.1952,SWING,4/4,1,00:56 - 01:55,COOL,MEDIUM,Walking Shoes,,FUNCTIONAL,431.956,11.080213649,201.0
HankMobley_Doodlin'_PREFINAL,121.4,HankMobley_Doodlin'_PREFINAL,HankMobley_Doodlin'_PREFINAL.sv,ORIGINAL,ts,Db-blues,120,Hank Mobley,1954,1954-11-13,SWING,4/4,,02:19-03:33,HARDBOP,MEDIUM,Doodlin',,BLUES,439.433,11.2379002589,275.0
HankMobley_LadyBird_PREFINAL,221.2,HankMobley_LadyBird_PREFINAL,HankMobley_LadyBird_PREFINAL.sv,ORIGINAL,ts,C-maj,121,Hank Mobley,1955,1955-11-11,SWING,4/4,,02:17-04:01,HARDBOP,UP,Lady Bird,,FUNCTIONAL,438.369,10.7420306093,491.0
HankMobley_SoulStation_PREFINAL,101.7,HankMobley_SoulStation_PREFINAL,HankMobley_SoulStation_PREFINAL.sv,ORIGINAL,ts,Eb-blues,122,Hank Mobley,1960,1960-02-07,SWING,4/4,1,01:24 - 04:37,HARDBOP,MEDIUM SLOW,Soul Station,,FUNCTIONAL,439.039,9.23302369524,696.0
JJJohnson_BlueMode_PREFINAL,64.3,JJJohnson_BlueMode_PREFINAL,JJJohnson_BlueMode_PREFINAL.sv,ORIGINAL,tb,Bb-blues,126,J.J. Johnson,1949,1949-10-17,SWING,4/4,,00:36-02:07,BEBOP,SLOW,Blue Mode,,BLUES,435.461,14.3813825411,222.0
JJJohnson_BluesInTheCloset_PREFINAL,234.7,JJJohnson_BluesInTheCloset_PREFINAL,JJJohnson_BluesInTheCloset_PREFINAL.sv,ORIGINAL,tb,Bb-blues,127,J.J. Johnson,1957,1957-09-29,SWING,4/4,,00:36 - 03:55,BEBOP,UP,Blues In The Closet,,FUNCTIONAL,439.821,12.8137503665,796.0
JJJohnson_CrazyRhythm_PREFINAL,277.2,JJJohnson_CrazyRhythm_PREFINAL,JJJohnson_CrazyRhythm_PREFINAL.sv,GREAT AMERICAN SONGBOOK,tb,F-maj,128,J.J. Johnson,1957,1957-09-29,SWING,4/4,1,00:30 - 02:52,BEBOP,UP,Crazy Rhythm,,FUNCTIONAL,438.971,10.9193339204,586.0
JJJohnson_Elora_PREFINAL,196.7,JJJohnson_Elora_PREFINAL,JJJohnson_Elora_PREFINAL.sv,ORIGINAL,tb,Bb-maj,129,J.J. Johnson,1949,1949-10-17,SWING,4/4,1,01:29-02:08,BEBOP,UP,Elora,,FUNCTIONAL,435.483,10.4399822873,135.0
JJJohnson_Yesterdays_PREFINAL,125.5,JJJohnson_Yesterdays_PREFINAL,JJJohnson_Yesterdays_PREFINAL.sv,GREAT AMERICAN SONGBOOK,tb,D-min,130,J.J. Johnson,1957,1957-10-07,SWING,4/4,,01:09 - 03:10,BEBOP,MEDIUM,Yesterdays,,FUNCTIONAL,439.003,13.8986176993,476.0
JoeHenderson_In'NOut-1_PREFINAL,276.5,JoeHenderson_In'NOut-1_PREFINAL,JoeHenderson_In'NOut-1_PREFINAL.sv,ORIGINAL,ts,Eb,131,Joe Henderson,1964,1964-04-10,SWING,4/4,1,00:27 - 03:35,POSTBOP,UP,In 'N Out,,BLUES,436.705,9.36941193811,1055.0
JoeHenderson_In'NOut-2_PREFINAL,298.3,JoeHenderson_In'NOut-2_PREFINAL,JoeHenderson_In'NOut-2_PREFINAL.sv,ORIGINAL,ts,Eb,132,Joe Henderson,1964,1964-04-10,SWING,4/4,2,08:30 - 09:53,POSTBOP,UP,In 'N Out,,BLUES,437.019,9.04700162462,484.0
JoeHenderson_JohnnyComeLately_PREFINAL,248.4,JoeHenderson_JohnnyComeLately_PREFINAL,JoeHenderson_JohnnyComeLately_PREFINAL.sv,ORIGINAL,ts,G-min,133,Joe Henderson,1991,03.-08.09.1991,SWING,4/4,1,01:35-03:09,POSTBOP,UP,Johnny Come Lately,,FUNCTIONAL,441.474,8.62018081273,525.0
JoeHenderson_Punjab_PREFINAL,160.3,JoeHenderson_Punjab_PREFINAL,JoeHenderson_Punjab_PREFINAL.sv,ORIGINAL,ts,,134,Joe Henderson,1964,1964-04-10,SWING,4/4,1,01:09 - 03:24,POSTBOP,MEDIUM UP,Punjab,,COLOR,437.084,10.4618422584,665.0
JoeHenderson_Serenity_PREFINAL,157.5,JoeHenderson_Serenity_PREFINAL,JoeHenderson_Serenity_PREFINAL.sv,ORIGINAL,ts,Eb-maj,135,Joe Henderson,1964,1964-04-10,SWING,4/4,1,01:29 - 03:16,POSTBOP,MEDIUM UP,Serenity,,FUNCTIONAL,437.17,10.6097743529,502.0
JoeHenderson_U.M.M.G._PREFINAL,219.9,JoeHenderson_U.M.M.G._PREFINAL,JoeHenderson_U.M.M.G._PREFINAL.sv,GREAT AMERICAN SONGBOOK,ts,Db-maj,136,Joe Henderson,1991,03.-08.09.1991,SWING,4/4,,00:45-01:56,POSTBOP,UP,U.M.M.G.,,FUNCTIONAL,441.873,9.12314507147,303.0
JoeLovano_BodyAndSoul-1_PREFINAL,60.7,JoeLovano_BodyAndSoul-1_PREFINAL,JoeLovano_BodyAndSoul-1_PREFINAL.sv,GREAT AMERICAN SONGBOOK,ts,Db-maj,137,Joe Lovano,1991,1991-12-29,SWING,4/4,1,00:44-04:58,POSTBOP,SLOW,Body and Soul,,FUNCTIONAL,438.652,10.6155940682,967.0
JoeLovano_BodyAndSoul-2_PREFINAL,60.0,JoeLovano_BodyAndSoul-2_PREFINAL,JoeLovano_BodyAndSoul-2_PREFINAL.sv,GREAT AMERICAN SONGBOOK,ts,Db-maj,138,Joe Lovano,1991,1991-12-29,SWING,4/4,2,05:50-07:22,POSTBOP,SLOW,Body and Soul,,FUNCTIONAL,438.679,11.5195728334,204.0
JoeLovano_CentralParkWest_PREFINAL,63.2,JoeLovano_CentralParkWest_PREFINAL,JoeLovano_CentralParkWest_PREFINAL.sv,ORIGINAL,ts,B-maj,139,Joe Lovano,1991,1991-12-29,BALLAD,4/4,,02:33-05:59,POSTBOP,SLOW,Central Park West,,FUNCTIONAL,439.501,9.20964837571,697.0
JoeLovano_ICan'tGetStarted_PREFINAL,107.0,JoeLovano_ICan'tGetStarted_PREFINAL,JoeLovano_ICan'tGetStarted_PREFINAL.sv,GREAT AMERICAN SONGBOOK,ts,C-maj,140,Joe Lovano,1994,1994-03-12,SWING,4/4,1,00:00-03:45,POSTBOP,MEDIUM SLOW,I Can't Get Started,,FUNCTIONAL,441.947,15.518771659,880.0
JoeLovano_Lonnie'sLament-1_PREFINAL,200.8,JoeLovano_Lonnie'sLament-1_PREFINAL,JoeLovano_Lonnie'sLament-1_PREFINAL.sv,ORIGINAL,ts,C-min,141,Joe Lovano,1994,1994-03-12,SWING,4/4,1,02:34-??,POSTBOP,UP,Lonnie's Lament,,FUNCTIONAL,439.715,11.9137348316,816.0
JoeLovano_Work_PREFINAL,209.6,JoeLovano_Work_PREFINAL,JoeLovano_Work_PREFINAL.sv,ORIGINAL,ss,,142,Joe Lovano,1991,1991-12-29,SWING,4/4,,02:39-04:29,POSTBOP,UP,Work,,FUNCTIONAL,438.581,10.6018095578,552.0
JohnColtrane_26=2_PREFINAL,193.9,JohnColtrane_26=2_PREFINAL,JohnColtrane_26=2_PREFINAL.sv,WORMS,ts,F-maj,144,John Coltrane,1960,1960-10-24,SWING,4/4,1,00:39-03:18,HARDBOP,UP,26-2,,FUNCTIONAL,438.488,7.8205923495,653.0
JohnColtrane_BlueTrain_PREFINAL,140.8,JohnColtrane_BlueTrain_PREFINAL,JohnColtrane_BlueTrain_PREFINAL.sv,RIFF,ts,Eb-blues,145,John Coltrane,1957,1957-09-15,SWING,4/4,1,00:37 - 03:24,HARDBOP,MEDIUM UP,Blue Train,,BLUES,440.492,7.53061782834,935.0
JohnColtrane_Countdown_PREFINAL,344.0,JohnColtrane_Countdown_PREFINAL,JohnColtrane_Countdown_PREFINAL.sv,ORIGINAL,ts,Bb-maj,146,John Coltrane,1959,1959-05-04,SWING,4/4,1,00:23-01:53,HARDBOP,UP,Countdown,,FUNCTIONAL,439.194,10.5685936986,768.0
JohnColtrane_GiantSteps-1_PREFINAL,290.3,JohnColtrane_GiantSteps-1_PREFINAL,JohnColtrane_GiantSteps-1_PREFINAL.sv,ORIGINAL,ts,Eb-maj,147,John Coltrane,1959,1959,SWING,4/4,1,00:26 - 02:54,HARDBOP,UP,Giant Steps,,FUNCTIONAL,439.472,9.2252609496,1064.0
JohnColtrane_GiantSteps-2_PREFINAL,150.5,JohnColtrane_GiantSteps-2_PREFINAL,JohnColtrane_GiantSteps-2_PREFINAL.sv,ORIGINAL,ts,Eb-maj,148,John Coltrane,1959,1959,SWING,4/4,2,03:44 - 04:10,HARDBOP,MEDIUM UP,Giant Steps,,FUNCTIONAL,439.105,9.47603969286,173.0
JohnColtrane_Mr.P.C._PREFINAL,258.3,JohnColtrane_Mr.P.C._PREFINAL,JohnColtrane_Mr.P.C._PREFINAL.sv,ORIGINAL,ts,C-min,151,John Coltrane,1959,1959-05-04,SWING,4/4,1,00:22 - 03:22,HARDBOP,UP,Mr. P.C.,,BLUES,439.2,8.88978399378,1076.0
JohnColtrane_MyFavoriteThings-1_PREFINAL,179.3,JohnColtrane_MyFavoriteThings-1_PREFINAL,JohnColtrane_MyFavoriteThings-1_PREFINAL.sv,GREAT AMERICAN SONGBOOK,ss,E-min,152,John Coltrane,1960,1960-10-21,SWING,3/4,1,07:27 - 09:43,POSTBOP,MEDIUM UP,My Favorite Things,,MODAL,438.275,9.43658543819,482.0
JohnColtrane_MyFavoriteThings-2_PREFINAL,178.9,JohnColtrane_MyFavoriteThings-2_PREFINAL,JohnColtrane_MyFavoriteThings-2_PREFINAL.sv,GREAT AMERICAN SONGBOOK,ss,E-maj,153,John Coltrane,1960,1960-10-21,SWING,3/4,2,10:00 - 02:17,POSTBOP,MEDIUM UP,My Favorite Things,,MODAL,438.12,11.464249532,566.0
JohnColtrane_NatureBoy_PREFINAL,186.6,JohnColtrane_NatureBoy_PREFINAL,JohnColtrane_NatureBoy_PREFINAL.sv,GREAT AMERICAN SONGBOOK,ts,E-min,154,John Coltrane,1963,18.02.1963,SWING,4/4,1,01:50-06:05,POSTBOP,UP,Nature Boy,,MODAL,440.031,7.35242784636,1223.0
JohnColtrane_Oleo_PREFINAL,266.3,JohnColtrane_Oleo_PREFINAL,JohnColtrane_Oleo_PREFINAL.sv,WORMS,ts,Bb-maj,155,John Coltrane,1956,1956-10-26,SWING,4/4,1,01:28 - 03:22,HARDBOP,UP,Oleo,,FUNCTIONAL,441.528,11.0413220135,637.0
JohnColtrane_SoWhat_PREFINAL,142.1,JohnColtrane_SoWhat_PREFINAL,JohnColtrane_SoWhat_PREFINAL.sv,RIFF,ts,D-dor,156,John Coltrane,1959,1959-03-02,SWING,4/4,1,03:22 - 05:10,POSTBOP,MEDIUM UP,So What,,MODAL,451.967,13.6071673704,465.0
JoshuaRedman_BluesOnSunday_PREFINAL,132.9,JoshuaRedman_BluesOnSunday_PREFINAL,JoshuaRedman_BluesOnSunday_PREFINAL.sv,ORIGINAL,ts,Eb-blues,158,Joshua Redman,1992,1992,SWING,4/4,1,00:44 - 02:55,POSTBOP,MEDIUM,Blues On Sunday,,BLUES,441.677,9.47956286003,609.0
JoshuaRedman_HomeFries_PREFINAL,181.2,JoshuaRedman_HomeFries_PREFINAL,JoshuaRedman_HomeFries_PREFINAL.sv,ORIGINAL,ts,Eb-blues,159,Joshua Redman,1996,1996,SWING,4/4,1,00:41 - 02:51,POSTBOP,UP,Home Fries,,BLUES,439.794,9.50623337072,555.0
JoshuaRedman_IGotYou_PREFINAL,145.2,JoshuaRedman_IGotYou_PREFINAL,JoshuaRedman_IGotYou_PREFINAL.sv,ORIGINAL,ts,D-blues,160,Joshua Redman,1992,1992,FUNK,4/4,1,01:25 - 02:27,POSTBOP,MEDIUM UP,I Got You,,BLUES,441.869,9.19522048528,303.0
JoshuaRedman_SweetSorrow_PREFINAL,53.2,JoshuaRedman_SweetSorrow_PREFINAL,JoshuaRedman_SweetSorrow_PREFINAL.sv,ORIGINAL,ts,G-min,161,Joshua Redman,1994,1994,BALLAD,6/8,1,03:00 - 05:42,POSTBOP,SLOW,Sweet Sorrow,,COLOR,441.239,11.7491765734,492.0
JoshuaRedman_TearsInHeaven_PREFINAL,84.1,JoshuaRedman_TearsInHeaven_PREFINAL,JoshuaRedman_TearsInHeaven_PREFINAL.sv,ORIGINAL,ts,Bb-maj,162,Joshua Redman,1993,1993,FUNK,4/4,1,01:02 - 02:44,POSTBOP,MEDIUM SLOW,Tears in Heaven,,FUNCTIONAL,440.283,11.9162828181,385.0
KennyDorham_BluesInBe=Bop_PREFINAL,186.0,KennyDorham_BluesInBe=Bop_PREFINAL,KennyDorham_BluesInBe=Bop_PREFINAL.sv,BLUES,tp,Eb-blues,164,Kenny Dorham,1946,1946-09-04,SWING,4/4,,01:21-01:53,BEBOP,UP,Blues In Be-Bop,,FUNCTIONAL,433.005,16.8169362302,145.0
KennyDorham_Doodlin'_PREFINAL,121.3,KennyDorham_Doodlin'_PREFINAL,KennyDorham_Doodlin'_PREFINAL.sv,ORIGINAL,tp,Db-blues,165,Kenny Dorham,1954,1954-11-13,SWING,4/4,1,03:33-04:46,HARDBOP,MEDIUM,Doodlin',,BLUES,439.155,14.1485079903,224.0
KennyDorham_In'NOut_PREFINAL,294.2,KennyDorham_In'NOut_PREFINAL,KennyDorham_In'NOut_PREFINAL.sv,ORIGINAL,tp,Eb,166,Kenny Dorham,1964,1964-04-10,SWING,4/4,1,06:30 - 08:30,POSTBOP,UP,In 'N Out,,COLOR,436.838,9.07603064725,531.0
KennyDorham_LadyBird_PREFINAL,211.9,KennyDorham_LadyBird_PREFINAL,KennyDorham_LadyBird_PREFINAL.sv,ORIGINAL,tp,C-maj,167,Kenny Dorham,1955,1955-11-11,SWING,4/4,,00:45-02:17,HARDBOP,UP,Lady Bird,,FUNCTIONAL,437.611,13.604781459,471.0
KennyDorham_Punjab_PREFINAL,154.6,KennyDorham_Punjab_PREFINAL,KennyDorham_Punjab_PREFINAL.sv,ORIGINAL,tp,,168,Kenny Dorham,1964,1964-04-10,SWING,4/4,1,03:25 - 05:17,POSTBOP,MEDIUM UP,Punjab,,COLOR,436.82,8.01282948243,383.0
KennyDorham_Serenity_PREFINAL,155.1,KennyDorham_Serenity_PREFINAL,KennyDorham_Serenity_PREFINAL.sv,ORIGINAL,tp,Eb-maj,169,Kenny Dorham,1964,1964-04-10,SWING,4/4,1,01:29 - 03:16,POSTBOP,MEDIUM UP,Serenity,,BLUES,437.222,9.7815988163,168.0
KidOry_GotNoBlues_PREFINAL,144.6,KidOry_GotNoBlues_PREFINAL,KidOry_GotNoBlues_PREFINAL.sv,ORIGINAL,tb,F-maj,173,Kid Ory,1927,1927-12-09,TWOBEAT,4/4,,02:26 - 02:54,TRADITIONAL,MEDIUM UP,Got No Blues,,FUNCTIONAL,439.723,8.57989723741,80.0
KidOry_GutBucketBlues_PREFINAL,148.3,KidOry_GutBucketBlues_PREFINAL,KidOry_GutBucketBlues_PREFINAL.sv,ORIGINAL,tb,C-maj,174,Kid Ory,1925,1925-11-12,TWOBEAT,4/4,,01:18 - 01:35,TRADITIONAL,MEDIUM UP,Gut Bucket Blues,,FUNCTIONAL,441.762,5.44916820325,42.0
KidOry_MuskratRamble_PREFINAL,186.9,KidOry_MuskratRamble_PREFINAL,KidOry_MuskratRamble_PREFINAL.sv,ORIGINAL,tb,Ab-maj,175,Kid Ory,1926,1926-06-16,TWOBEAT,4/4,,00:43 - 01:01,TRADITIONAL,UP,Muskrat Ramble,,FUNCTIONAL,438.405,12.1332060626,52.0
LeeKonitz_AllTheThingsYouAre_PREFINAL,192.6,LeeKonitz_AllTheThingsYouAre_PREFINAL,LeeKonitz_AllTheThingsYouAre_PREFINAL.sv,GREAT AMERICAN SONGBOOK,as,Ab-maj,176,Lee Konitz,1955,1955-06-11,SWING,4/4,1,00:29-02:59,COOL,UP,All The Things You Are,,FUNCTIONAL,439.756,13.607176779,675.0
LeeKonitz_BopGoesToLeesel_PREFINAL,229.0,LeeKonitz_BopGoesToLeesel_PREFINAL,LeeKonitz_BopGoesToLeesel_PREFINAL.sv,ORIGINAL,as,Bb-blues,177,Lee Konitz,1954,1954-08-06,SWING,4/4,,00:25-01:42,COOL,UP,Bop Goes To Leesel,,FUNCTIONAL,435.645,14.5369015806,411.0
LeeKonitz_Crosscurrent_PREFINAL,256.4,LeeKonitz_Crosscurrent_PREFINAL,LeeKonitz_Crosscurrent_PREFINAL.sv,WORMS,as,F-maj,178,Lee Konitz,1949,1949-03-04,SWING,4/4,1,01:00-01:30,COOL,UP,Crosscurrent,,FUNCTIONAL,439.128,16.1726888036,204.0
LeeKonitz_I'llRememberApril_PREFINAL,210.8,LeeKonitz_I'llRememberApril_PREFINAL,LeeKonitz_I'llRememberApril_PREFINAL.sv,GREAT AMERICAN SONGBOOK,as,G-maj,179,Lee Konitz,1954,1954-08-06,SWING,4/4,,02:40-05:14,COOL,UP,I'll Remember April,,FUNCTIONAL,437.117,15.0182595046,794.0
LeeKonitz_Wow-1_PREFINAL,173.5,LeeKonitz_Wow-1_PREFINAL,LeeKonitz_Wow-1_PREFINAL.sv,WORMS,as,F-maj,180,Lee Konitz,1949,1949-03-04,SWING,4/4,1,00:46 - 01:06,COOL,MEDIUM UP,Wow,,FUNCTIONAL,437.956,13.5848002846,118.0
LesterYoung_AfterTheatreJump_PREFINAL,176.3,LesterYoung_AfterTheatreJump_PREFINAL,LesterYoung_AfterTheatreJump_PREFINAL.sv,GREAT AMERICAN SONGBOOK,ts,Db-maj,182,Lester Young,1944,1944-03-22,SWING,4/4,,02:15-03:43,SWING,MEDIUM UP,After Theatre Jump,,FUNCTIONAL,448.35,11.7673569937,300.0
LesterYoung_BodyAndSoul_PREFINAL,78.6,LesterYoung_BodyAndSoul_PREFINAL,LesterYoung_BodyAndSoul_PREFINAL.sv,GREAT AMERICAN SONGBOOK,ts,Db-maj,183,Lester Young,1942,1942-07-15,SWING,4/4,1,00:00 - 01:45,SWING,SLOW,Body And Soul,,FUNCTIONAL,448.232,15.3502582081,234.0
LesterYoung_D.B.Blues_PREFINAL,151.0,LesterYoung_D.B.Blues_PREFINAL,LesterYoung_D.B.Blues_PREFINAL.sv,ORIGINAL,ts,Bb-blues,184,Lester Young,1945,1945-12-01,SWING,4/4,1,00:00 - 01:11,SWING,MEDIUM UP,D.B. Blues,,BLUES,440.238,16.0726054139,223.0
LesterYoung_DestinationK.C._PREFINAL,245.0,LesterYoung_DestinationK.C._PREFINAL,LesterYoung_DestinationK.C._PREFINAL.sv,ORIGINAL,ts,C-maj,185,Lester Young,1944,1944-03-22,SWING,4/4,1,02:11 - 03:14,SWING,UP,Destination K.C.,,FUNCTIONAL,447.317,11.5141900867,248.0
LesterYoung_Dickie'sDream_PREFINAL,229.1,LesterYoung_Dickie'sDream_PREFINAL,LesterYoung_Dickie'sDream_PREFINAL.sv,ORIGINAL,ts,C-min,186,Lester Young,1939,1939-09-05,SWING,4/4,1,01:11 - 01:45,SWING,UP,Dickie's Dream,,FUNCTIONAL,436.341,12.7431904276,153.0
LesterYoung_LesterLeapsIn_PREFINAL,250.2,LesterYoung_LesterLeapsIn_PREFINAL,LesterYoung_LesterLeapsIn_PREFINAL.sv,ORIGINAL,ts,Bb-maj,187,Lester Young,1939,1939-09-05,SWING,4/4,,00:34 - 01:35,SWING,UP,Lester Leaps In,,FUNCTIONAL,442.786,13.8393566764,294.0
LouisArmstrong_BasinStreetBlues_PREFINAL,107.0,LouisArmstrong_BasinStreetBlues_PREFINAL,LouisArmstrong_BasinStreetBlues_PREFINAL.sv,ORIGINAL,tp,Bb-maj,190,Louis Armstrong,1928,1928-12-04,TWOBEAT,4/4,,02:02-03:08,TRADITIONAL,MEDIUM SLOW,Basin Street Blues,,BLUES,433.27,13.266508307,216.0
LouisArmstrong_BigButterAndEggMan_PREFINAL,196.7,LouisArmstrong_BigButterAndEggMan_PREFINAL,LouisArmstrong_BigButterAndEggMan_PREFINAL.sv,ORIGINAL,cor,G-maj,191,Louis Armstrong,1926,1926-11-16,TWOBEAT,4/4,,01:57 -  02:37,TRADITIONAL,UP,Big Butter And Egg Man,,FUNCTIONAL,442.575,8.37538041568,161.0
LouisArmstrong_CornetChopSuey_PREFINAL,193.0,LouisArmstrong_CornetChopSuey_PREFINAL,LouisArmstrong_CornetChopSuey_PREFINAL.sv,ORIGINAL,cor,F-maj,192,Louis Armstrong,1926,1926-02-26,TWOBEAT,4/4,,01:41 -  02:01,TRADITIONAL,UP,Cornet Chop Suey,,FUNCTIONAL,440.283,8.7463491177,92.0
LouisArmstrong_GutBucketBlues_PREFINAL,146.4,LouisArmstrong_GutBucketBlues_PREFINAL,LouisArmstrong_GutBucketBlues_PREFINAL.sv,ORIGINAL,cor,C-maj,193,Louis Armstrong,1925,1925-11-12,TWOBEAT,4/4,,01:55 - 02:15,TRADITIONAL,MEDIUM UP,Gut Bucket Blues,,FUNCTIONAL,442.371,6.02870941131,47.0
LouisArmstrong_MuskratRamble_PREFINAL,183.1,LouisArmstrong_MuskratRamble_PREFINAL,LouisArmstrong_MuskratRamble_PREFINAL.sv,ORIGINAL,cor,Ab-maj,194,Louis Armstrong,1926,1926-06-16,TWOBEAT,4/4,,01:01 - 01:23,TRADITIONAL,UP,Muskrat Ramble,,FUNCTIONAL,437.888,9.13477794139,81.0
LouisArmstrong_OnceInAWhile_PREFINAL,197.4,LouisArmstrong_OnceInAWhile_PREFINAL,LouisArmstrong_OnceInAWhile_PREFINAL.sv,ORIGINAL,cor,C-maj,195,Louis Armstrong,1927,1927-12-10,TWOBEAT,4/4,,02:34 - 03:12,TRADITIONAL,UP,Once In A While,,FUNCTIONAL,439.947,11.2162193705,185.0
MichaelBrecker_CabinFever_PREFINAL,299.4,MichaelBrecker_CabinFever_PREFINAL,MichaelBrecker_CabinFever_PREFINAL.sv,ORIGINAL,ts,Bb-blues,196,Michael Brecker,1996,1996,SWING,4/4,,,POSTBOP,UP,Cabin Fever,,FUNCTIONAL,438.056,9.38667393125,1068.0
MichaelBrecker_DeltaCityBlues_PREFINAL,283.9,MichaelBrecker_DeltaCityBlues_PREFINAL,MichaelBrecker_DeltaCityBlues_PREFINAL.sv,ORIGINAL,ts,Bb-blues,197,Michael Brecker,1998,1998,SWING,4/4,,02:36 - 04:01,POSTBOP,UP,Delta City Blues,,FUNCTIONAL,439.334,8.61455530562,512.0
MichaelBrecker_MidnightVoyage_PREFINAL,125.6,MichaelBrecker_MidnightVoyage_PREFINAL,MichaelBrecker_MidnightVoyage_PREFINAL.sv,ORIGINAL,ts,C-min,198,Michael Brecker,1996,1996,SWING,4/4,1,01:17 - 03:51,POSTBOP,MEDIUM,Midnight Voyage,,COLOR,440.818,9.85978816604,572.0
MichaelBrecker_NeverAlone_PREFINAL,48.6,MichaelBrecker_NeverAlone_PREFINAL,MichaelBrecker_NeverAlone_PREFINAL.sv,ORIGINAL,ts,Ab,199,Michael Brecker,1990,1990,BALLAD,4/4,,02:05 - 03:37,POSTBOP,SLOW,Never Alone,,COLOR,440.046,10.2104871042,300.0
MichaelBrecker_NothingPersonal_PREFINAL,243.8,MichaelBrecker_NothingPersonal_PREFINAL,MichaelBrecker_NothingPersonal_PREFINAL.sv,ORIGINAL,ts,G-min,200,Michael Brecker,1987,1987,SWING,4/4,1,02:22 - 04:23,POSTBOP,UP,Nothing Personal,,BLUES,440.611,9.86372041661,655.0
MichaelBrecker_Peep_PREFINAL,321.1,MichaelBrecker_Peep_PREFINAL,MichaelBrecker_Peep_PREFINAL.sv,ORIGINAL,ts,Eb,201,Michael Brecker,1990,1990,FUNK,4/4,,00:25 - 02:09,POSTBOP,UP,Peep,,COLOR,440.711,10.4504723485,969.0
MilesDavis_Airegin_PREFINAL,241.7,MilesDavis_Airegin_PREFINAL,MilesDavis_Airegin_PREFINAL.sv,ORIGINAL,tp,Ab-maj,202,Miles Davis,1954,1954-06-29,SWING,4/4,1,00:45 - 02:45,HARDBOP,UP,Airegin,,FUNCTIONAL,444.19,11.193414452,429.0
MilesDavis_BluesByFive_PREFINAL,176.4,MilesDavis_BluesByFive_PREFINAL,MilesDavis_BluesByFive_PREFINAL.sv,RIFF,tp,Bb-blues,203,Miles Davis,1956,1956-10-26,SWING,4/4,1,00:56 - 03:07,HARDBOP,MEDIUM UP,Blues By Five,,BLUES,442.8,11.7359293865,362.0
MilesDavis_Dolores_PREFINAL,274.5,MilesDavis_Dolores_PREFINAL,MilesDavis_Dolores_PREFINAL.sv,ORIGINAL,tp,,204,Miles Davis,1966,24-25.10.1966,SWING,4/4,,00:34-01:56,POSTBOP,UP,Dolores,,MODAL,441.109,13.2188083916,437.0
MilesDavis_Eighty=One_PREFINAL,138.7,MilesDavis_Eighty=One_PREFINAL,MilesDavis_Eighty=One_PREFINAL.sv,ORIGINAL,tp,F,205,Miles Davis,1964,September 1964?,FUNK,4/4,,00:44-02:48,POSTBOP,MEDIUM,Eighty-One,,BLUES,439.068,14.7001093527,360.0
MilesDavis_Oleo-1_PREFINAL,270.9,MilesDavis_Oleo-1_PREFINAL,MilesDavis_Oleo-1_PREFINAL.sv,WORMS,tp,Bb-maj,206,Miles Davis,1956,1956-10-26,SWING,4/4,1,00:30 - 01:27,HARDBOP,UP,Oleo,,FUNCTIONAL,441.441,9.35193283681,222.0
MilesDavis_Oleo-2_PREFINAL,267.4,MilesDavis_Oleo-2_PREFINAL,MilesDavis_Oleo-2_PREFINAL.sv,WORMS,tp,Bb-maj,207,Miles Davis,1956,1956-10-26,SWING,4/4,2,04:21 - 05:17,HARDBOP,UP,Oleo,,FUNCTIONAL,442.589,12.8822069259,214.0
MilesDavis_SoWhat_PREFINAL,138.6,MilesDavis_SoWhat_PREFINAL,MilesDavis_SoWhat_PREFINAL.sv,RIFF,tp,D-dor,208,Miles Davis,1959,1959-03-02,SWING,4/4,1,01:30 - 03:22,POSTBOP,MEDIUM,So What,,MODAL,450.962,17.0842899564,217.0
MilesDavis_VierdBlues_PREFINAL,115.7,MilesDavis_VierdBlues_PREFINAL,MilesDavis_VierdBlues_PREFINAL.sv,ORIGINAL,tp,Bb-blues,209,Miles Davis,1956,1956-03-16,SWING,4/4,1,00:26 - 02:08,HARDBOP,MEDIUM,Vierd Blues,,BLUES,439.781,11.1221137094,136.0
OrnetteColeman_BirdFood_PREFINAL,257.1,OrnetteColeman_BirdFood_PREFINAL,OrnetteColeman_BirdFood_PREFINAL.sv,ORIGINAL,as,,215,Ornette Coleman,1959,8-9.10.1959,SWING,,1,02:48-04:46,FREE,UP,Bird Food,,FREE,438.461,15.1246307922,567.0
OrnetteColeman_Chronology_PREFINAL,235.8,OrnetteColeman_Chronology_PREFINAL,OrnetteColeman_Chronology_PREFINAL.sv,ORIGINAL,as,,216,Ornette Coleman,1959,1959-05-22,SWING,4/4,,02:44-05:25,FREE,UP,Chronology,,FREE,441.39,12.730145095,641.0
OrnetteColeman_Congeniality_PREFINAL,232.8,OrnetteColeman_Congeniality_PREFINAL,OrnetteColeman_Congeniality_PREFINAL.sv,ORIGINAL,as,,217,Ornette Coleman,1959,1959-05-22,SWING,4/4,1,00:57-03:46,FREE,UP,Congeniality,,FREE,440.405,14.4363293807,654.0
OrnetteColeman_Peace_PREFINAL,126.2,OrnetteColeman_Peace_PREFINAL,OrnetteColeman_Peace_PREFINAL.sv,ORIGINAL,as,,218,Ornette Coleman,1959,1959-05-22,SWING,,1,01:39-04:26,FREE,MEDIUM,Peace,,FREE,442.905,15.3647185884,410.0
OrnetteColeman_Ramblin'_PREFINAL,200.5,OrnetteColeman_Ramblin'_PREFINAL,OrnetteColeman_Ramblin'_PREFINAL.sv,ORIGINAL,as,,219,Ornette Coleman,1959,8-9.10.1959,SWING,,1,00:45-02:57,FREE,UP,Ramblin',,FREE,436.78,14.2597617028,446.0
PaulDesmond_Alianca-1_PREFINAL,234.2,PaulDesmond_Alianca-1_PREFINAL,PaulDesmond_Alianca-1_PREFINAL.sv,ORIGINAL,as,Bb-maj,222,Paul Desmond,1964,1964-07-30,LATIN,4/4,1,00:41 - 01:49,COOL,UP,Alianca,,FUNCTIONAL,436.648,9.16365122706,200.0
PaulDesmond_Alianca-2_PREFINAL,236.5,PaulDesmond_Alianca-2_PREFINAL,PaulDesmond_Alianca-2_PREFINAL.sv,ORIGINAL,as,Bb-maj,223,Paul Desmond,1964,1964-07-30,LATIN,4/4,2,02:54 - 04:06,COOL,UP,Alianca,,FUNCTIONAL,436.368,7.57300270358,102.0
PaulDesmond_AloneTogether_PREFINAL,199.9,PaulDesmond_AloneTogether_PREFINAL,PaulDesmond_AloneTogether_PREFINAL.sv,GREAT AMERICAN SONGBOOK,as,C-min,224,Paul Desmond,1963,1963-06-12,SWING,4/4,1,01:02 - 03:41,COOL,UP,Alone Together,,FUNCTIONAL,441.891,10.6280692037,576.0
PaulDesmond_BlueRondoALaTurk_PREFINAL,116.0,PaulDesmond_BlueRondoALaTurk_PREFINAL,PaulDesmond_BlueRondoALaTurk_PREFINAL.sv,ORIGINAL,as,F-blues,225,Paul Desmond,1959,25 Juni - 18. August 1959,SWING,4/4,,,COOL,MEDIUM,Blue Rondo a la Turk,,BLUES,446.783,12.468883549,316.0
PaulDesmond_BossaAntigua_PREFINAL,191.2,PaulDesmond_BossaAntigua_PREFINAL,PaulDesmond_BossaAntigua_PREFINAL.sv,ORIGINAL,as,Ab-maj,226,Paul Desmond,1964,1964-07-28,LATIN,4/4,1,00:51 - 02:11,COOL,UP,Bossa Antigua,,FUNCTIONAL,441.046,7.43010158373,253.0
PaulDesmond_SambaCantina-1_PREFINAL,150.9,PaulDesmond_SambaCantina-1_PREFINAL,PaulDesmond_SambaCantina-1_PREFINAL.sv,ORIGINAL,as,F-min,227,Paul Desmond,1964,1964-07-28,LATIN,4/4,1,01:02 - 02:47,COOL,MEDIUM UP,Samba Cantina,,FUNCTIONAL,440.112,6.60819791447,279.0
PaulDesmond_SambaCantina-2_PREFINAL,152.6,PaulDesmond_SambaCantina-2_PREFINAL,PaulDesmond_SambaCantina-2_PREFINAL.sv,ORIGINAL,as,F-min,228,Paul Desmond,1964,1964-07-28,LATIN,4/4,2,04:26 - 05:31,COOL,MEDIUM UP,Samba Cantina,,FUNCTIONAL,440.678,7.96966931348,123.0
PaulDesmond_TheGirlFromEast9thStreet_PREFINAL,141.9,PaulDesmond_TheGirlFromEast9thStreet_PREFINAL,PaulDesmond_TheGirlFromEast9thStreet_PREFINAL.sv,ORIGINAL,as,Ab-maj,229,Paul Desmond,1964,1964-08-20,LATIN,4/4,1,01:09 - 02:57,COOL,MEDIUM UP,The Girl From East 9th Street,,FUNCTIONAL,439.763,6.53451213408,270.0
RoyEldridge_BodyAndSoul_PREFINAL,107.7,RoyEldridge_BodyAndSoul_PREFINAL,RoyEldridge_BodyAndSoul_PREFINAL.sv,GREAT AMERICAN SONGBOOK,tp,Db-maj,231,Roy Eldridge,1944,1944-06-26,SWING,4/4,1,00:13-02:16,SWING,MEDIUM SLOW,Body and Soul,,FUNCTIONAL,441.703,14.171659997,313.0
RoyEldridge_KingDavid_PREFINAL,149.8,RoyEldridge_KingDavid_PREFINAL,RoyEldridge_KingDavid_PREFINAL.sv,RIFF,tp,Bb-blues,232,Roy Eldridge,1950,1950-06-08,SWING,4/4,1,02:01- 02:38,SWING,MEDIUM UP,King David,,BLUES,436.278,10.1828046298,114.0
RoyEldridge_St.LouisBlues_PREFINAL,361.8,RoyEldridge_St.LouisBlues_PREFINAL,RoyEldridge_St.LouisBlues_PREFINAL.sv,GREAT AMERICAN SONGBOOK,tp,G-maj,233,Roy Eldridge,1944,1944-10-13,TWOBEAT,4/4,1,00:10-00:45;,SWING,UP,St. Louis Blues,,BLUES,437.644,7.80416199731,228.0
RoyEldridge_TheGasser-1_PREFINAL,230.7,RoyEldridge_TheGasser-1_PREFINAL,RoyEldridge_TheGasser-1_PREFINAL.sv,ORIGINAL,tp,Ab-maj,234,Roy Eldridge,1943,1943-11-16,SWING,4/4,1,00:00-01:10,SWING,UP,The Gasser,,FUNCTIONAL,439.226,12.1226036802,391.0
RoyEldridge_TheGasser-2_PREFINAL,237.6,RoyEldridge_TheGasser-2_PREFINAL,RoyEldridge_TheGasser-2_PREFINAL.sv,ORIGINAL,tp,Ab-maj,235,Roy Eldridge,1943,1943-11-16,SWING,4/4,2,01:44-02:48,SWING,UP,The Gasser,,FUNCTIONAL,440.374,10.4996841011,285.0
RoyEldridge_Undecided_PREFINAL,243.3,RoyEldridge_Undecided_PREFINAL,RoyEldridge_Undecided_PREFINAL.sv,GREAT AMERICAN SONGBOOK,tp,Bb-maj,236,Roy Eldridge,1950,1950-06-08,SWING,4/4,1,01:09 - 02:14,SWING,UP,Undecided,,FUNCTIONAL,434.039,14.4505924118,312.0
SidneyBechet_BabyWon'tYouPleaseComeHome_PREFINAL,205.9,SidneyBechet_BabyWon'tYouPleaseComeHome_PREFINAL,SidneyBechet_BabyWon'tYouPleaseComeHome_PREFINAL.sv,GREAT AMERICAN SONGBOOK,ss,Bb-maj,237,Sidney Bechet,1941,1941-04-02,TWOBEAT,4/4,,00:08 - 00:28,TRADITIONAL,UP,Baby Won't You Please Come Home,,FUNCTIONAL,440.527,11.2325520994,100.0
SidneyBechet_LimehouseBlues_PREFINAL,273.9,SidneyBechet_LimehouseBlues_PREFINAL,SidneyBechet_LimehouseBlues_PREFINAL.sv,GREAT AMERICAN SONGBOOK,ss,Ab-maj,238,Sidney Bechet,1941,1941-09-13,TWOBEAT,4/4,,00:40 - 01:08,TRADITIONAL,UP,Limehouse Blues,,FUNCTIONAL,440.701,7.52823150941,217.0
SidneyBechet_Summertime_PREFINAL,84.1,SidneyBechet_Summertime_PREFINAL,SidneyBechet_Summertime_PREFINAL.sv,GREAT AMERICAN SONGBOOK,ss,G-min,239,Sidney Bechet,1938,1938-06-08,TWOBEAT,4/4,,00:54 - 04:04,TRADITIONAL,MEDIUM SLOW,Summertime,,FUNCTIONAL,451.569,11.8405076732,378.0
SonnyRollins_Airegin_PREFINAL,242.7,SonnyRollins_Airegin_PREFINAL,SonnyRollins_Airegin_PREFINAL.sv,ORIGINAL,ts,Ab-maj,240,Sonny Rollins,1954,1954-06-29,SWING,4/4,1,02:35 - 04:21,HARDBOP,UP,Airegin,,FUNCTIONAL,444.371,10.7772790966,547.0
SonnyRollins_BlueSeven-1_PREFINAL,134.9,SonnyRollins_BlueSeven-1_PREFINAL,SonnyRollins_BlueSeven-1_PREFINAL.sv,ORIGINAL,ts,Bb-blues,241,Sonny Rollins,1956,1956-06-22,SWING,4/4,1,01:05-02:52,HARDBOP,MEDIUM,Blue Seven,,BLUES,443.235,13.362055107,340.0
SonnyRollins_BlueSeven-2_PREFINAL,138.0,SonnyRollins_BlueSeven-2_PREFINAL,SonnyRollins_BlueSeven-2_PREFINAL.sv,ORIGINAL,ts,Bb-blues,242,Sonny Rollins,1956,1956-06-22,SWING,4/4,2,06:18 - 08:06,HARDBOP,MEDIUM,Blue Seven,,BLUES,442.211,10.5653943604,126.0
SonnyRollins_BlueSeven-3_PREFINAL,134.1,SonnyRollins_BlueSeven-3_PREFINAL,SonnyRollins_BlueSeven-3_PREFINAL.sv,ORIGINAL,ts,Bb-blues,243,Sonny Rollins,1956,1956-06-22,SWING,4/4,3,,HARDBOP,MEDIUM,Blue Seven,,BLUES,440.266,11.8396330414,166.0
SonnyRollins_Playin'InTheYard-1_PREFINAL,154.6,SonnyRollins_Playin'InTheYard-1_PREFINAL,SonnyRollins_Playin'InTheYard-1_PREFINAL.sv,ORIGINAL,ts,G-blues,244,Sonny Rollins,1972,1972,FUNK,4/4,1,00:50 - 02:07,POSTBOP,MEDIUM UP,Playin' In The Yard,,FUNCTIONAL,440.351,4.73929368943,255.0
SonnyRollins_Playin'InTheYard-2_PREFINAL,159.5,SonnyRollins_Playin'InTheYard-2_PREFINAL,SonnyRollins_Playin'InTheYard-2_PREFINAL.sv,ORIGINAL,ts,G-blues,245,Sonny Rollins,1972,1972,FUNK,4/4,2,09:06 - 10:08,POSTBOP,MEDIUM UP,Playin' In The Yard,,FUNCTIONAL,441.275,5.42343431251,157.0
SonnyRollins_St.Thomas-1_PREFINAL,207.4,SonnyRollins_St.Thomas-1_PREFINAL,SonnyRollins_St.Thomas-1_PREFINAL.sv,ORIGINAL,ts,C-maj,246,Sonny Rollins,1956,1956-06-22,LATIN,4/4,1,00:55 - 02:28,HARDBOP,UP,St. Thomas,,FUNCTIONAL,440.212,10.9455113294,426.0
SonnyRollins_St.Thomas-2_PREFINAL,223.9,SonnyRollins_St.Thomas-2_PREFINAL,SonnyRollins_St.Thomas-2_PREFINAL.sv,ORIGINAL,ts,C-maj,247,Sonny Rollins,1956,1956-06-22,LATIN,4/4,2,03:53 - 05:02,HARDBOP,UP,St. Thomas,,FUNCTIONAL,440.123,8.00138513537,355.0
SonnyRollins_TenorMadness_PREFINAL,176.2,SonnyRollins_TenorMadness_PREFINAL,SonnyRollins_TenorMadness_PREFINAL.sv,RIFF,ts,Bb-blues,248,Sonny Rollins,1956,1956-06-22,SWING,4/4,1,02:11 - 04:26,HARDBOP,MEDIUM UP,Tenor Madness,,BLUES,440.691,8.85835916125,491.0
SonnyRollins_TheEverywhereCalypso-1_PREFINAL,192.3,SonnyRollins_TheEverywhereCalypso-1_PREFINAL,SonnyRollins_TheEverywhereCalypso-1_PREFINAL.sv,ORIGINAL,ts,C-maj,249,Sonny Rollins,1972,1972,LATIN,4/4,1,01:01 - 03:02,POSTBOP,UP,The Everywhere Calypso,,FUNCTIONAL,438.842,6.30005319751,599.0
SonnyRollins_TheEverywhereCalypso-2_PREFINAL,197.2,SonnyRollins_TheEverywhereCalypso-2_PREFINAL,SonnyRollins_TheEverywhereCalypso-2_PREFINAL.sv,ORIGINAL,ts,C-maj,250,Sonny Rollins,1972,1972,LATIN,4/4,2,04:28 - 07:35,POSTBOP,UP,The Everywhere Calypso,,FUNCTIONAL,438.981,7.35587145213,918.0
SonnyRollins_VierdBlues_PREFINAL,115.2,SonnyRollins_VierdBlues_PREFINAL,SonnyRollins_VierdBlues_PREFINAL.sv,ORIGINAL,ts,Bb-blues,251,Sonny Rollins,1956,1956-03-16,SWING,4/4,,02:10 - 04:39,HARDBOP,MEDIUM,Vierd Blues,,BLUES,438.864,13.3386684809,417.0
SonnyStitt_BlueMode_PREFINAL,60.8,SonnyStitt_BlueMode_PREFINAL,SonnyStitt_BlueMode_PREFINAL.sv,ORIGINAL,ts,Bb-blues,252,Sonny Stitt,1949,1949-10-17,SWING,4/4,,02:07-03:40,BEBOP,SLOW,Blue Mode,,BLUES,435.648,13.6529572951,345.0
SonnyStitt_BodyAndSoul_PREFINAL,67.8,SonnyStitt_BodyAndSoul_PREFINAL,SonnyStitt_BodyAndSoul_PREFINAL.sv,GREAT AMERICAN SONGBOOK,as,Db-maj,253,Sonny Stitt,1948,1948-06-01,BALLAD,4/4,1,00:13-02:11,BEBOP,SLOW,Body And Soul,,FUNCTIONAL,445.695,7.81137325122,464.0
SonnyStitt_Elora_PREFINAL,193.2,SonnyStitt_Elora_PREFINAL,SonnyStitt_Elora_PREFINAL.sv,GREAT AMERICAN SONGBOOK,ts,Bb-maj,254,Sonny Stitt,1949,1949-10-17,SWING,4/4,,00:50-01:29,BEBOP,UP,Elora,,FUNCTIONAL,435.382,12.687953836,205.0
SonnyStitt_GoodKick_PREFINAL,173.9,SonnyStitt_GoodKick_PREFINAL,SonnyStitt_GoodKick_PREFINAL.sv,ORIGINAL,as,F-maj,255,Sonny Stitt,1946,1946-09-04,SWING,4/4,,00:43-01:27,BEBOP,MEDIUM UP,Good Kick,,FUNCTIONAL,432.618,15.6234025254,225.0
StanGetz_BluesInTheCloset_PREFINAL,242.5,StanGetz_BluesInTheCloset_PREFINAL,StanGetz_BluesInTheCloset_PREFINAL.sv,GREAT AMERICAN SONGBOOK,ts,Bb-blues,256,Stan Getz,1957,1957-09-29,SWING,4/4,,03:54 - 07:03,COOL,UP,Blues In The Closet,,BLUES,439.577,10.6829498303,887.0
StanGetz_BodyAndSoul_PREFINAL,64.3,StanGetz_BodyAndSoul_PREFINAL,StanGetz_BodyAndSoul_PREFINAL.sv,GREAT AMERICAN SONGBOOK,ts,Db-maj,257,Stan Getz,1964,1964,BALLAD,4/4,1,00:12 - 03:13,COOL,SLOW,Body And Soul,,FUNCTIONAL,439.851,8.9038214495,547.0
StanGetz_CrazyRhythm_PREFINAL,288.1,StanGetz_CrazyRhythm_PREFINAL,StanGetz_CrazyRhythm_PREFINAL.sv,GREAT AMERICAN SONGBOOK,ts,F-maj,258,Stan Getz,1957,1957-09-29,SWING,4/4,,02:52 - 06:25,COOL,UP,Crazy Rhythm,,FUNCTIONAL,439.209,10.3500871223,1176.0
StanGetz_I'mGladThereIsYou_PREFINAL,66.9,StanGetz_I'mGladThereIsYou_PREFINAL,StanGetz_I'mGladThereIsYou_PREFINAL.sv,GREAT AMERICAN SONGBOOK,ts,Db-maj,259,Stan Getz,1957,1957-10-10,BALLAD,4/4,1,02:14-03:11,COOL,SLOW,I'm Glad There Is You,,FUNCTIONAL,441.263,10.1525469521,186.0
StanGetz_Insensatez_PREFINAL,128.5,StanGetz_Insensatez_PREFINAL,StanGetz_Insensatez_PREFINAL.sv,ORIGINAL,ts,A-min,260,Stan Getz,1963,1963-02-08,LATIN,4/4,1,01:16-02:18,COOL,MEDIUM,Insensatez,,FUNCTIONAL,434.394,9.97635588552,154.0
StanGetz_TheGirlFromIpanema_PREFINAL,131.6,StanGetz_TheGirlFromIpanema_PREFINAL,StanGetz_TheGirlFromIpanema_PREFINAL.sv,ORIGINAL,ts,Db-maj,261,Stan Getz,1963,18.-19.03.1963,LATIN,4/4,1,02:35 - 03:48,COOL,MEDIUM,The Girl From Ipanema,,FUNCTIONAL,438.962,11.7956388781,179.0
SteveColeman_Cross=Fade-1_PREFINAL,144.4,SteveColeman_Cross=Fade-1_PREFINAL,SteveColeman_Cross=Fade-1_PREFINAL.sv,ORIGINAL,as,B-min,262,Steve Coleman,1990,1990-12-01,FUNK,9/4,1,00:00 - 00:46,POSTBOP,MEDIUM UP,Cross-Fade,,FREE,440.264,11.9887707952,129.0
SteveColeman_Cross=Fade-2_PREFINAL,146.0,SteveColeman_Cross=Fade-2_PREFINAL,SteveColeman_Cross=Fade-2_PREFINAL.sv,ORIGINAL,as,B-min,263,Steve Coleman,1990,1990-12-01,FUNK,9/4,2,01:00 - 01:17,POSTBOP,MEDIUM UP,Cross-Fade,,FREE,439.894,11.1982372088,77.0
SteveColeman_PassItOn_PREFINAL,105.2,SteveColeman_PassItOn_PREFINAL,SteveColeman_PassItOn_PREFINAL.sv,ORIGINAL,as,C-min,264,Steve Coleman,1991,1991-04-29,FUNK,4/4,,00:53 - 02:10,POSTBOP,MEDIUM SLOW,Pass it on,,MODAL,439.944,7.61268705211,325.0
SteveColeman_Processional_PREFINAL,104.1,SteveColeman_Processional_PREFINAL,SteveColeman_Processional_PREFINAL.sv,ORIGINAL,ts,F-min,265,Steve Coleman,1989,1989-09-01,LATIN,5/4,1,00:25 - 02:47,POSTBOP,MEDIUM SLOW,Processional,,COLOR,441.281,9.20453138171,470.0
SteveColeman_SlippedAgain_PREFINAL,131.8,SteveColeman_SlippedAgain_PREFINAL,SteveColeman_SlippedAgain_PREFINAL.sv,ORIGINAL,as,F-blues,266,Steve Coleman,1991,1991-04-29,SWING,4/4,,04:18 - 05:24,POSTBOP,MEDIUM,Slipped again,,BLUES,439.312,7.74326761164,258.0
SteveColeman_TakeTheColtrane_PREFINAL,239.8,SteveColeman_TakeTheColtrane_PREFINAL,SteveColeman_TakeTheColtrane_PREFINAL.sv,ORIGINAL,as,F-blues,267,Steve Coleman,1988,1988-03-01,SWING,4/4,,00:25 - 03:16,POSTBOP,UP,Take The Coltrane,,BLUES,434.586,8.84857568025,969.0
SteveColeman_TheOracle-1_PREFINAL,97.7,SteveColeman_TheOracle-1_PREFINAL,SteveColeman_TheOracle-1_PREFINAL.sv,ORIGINAL,as,Bb-min,268,Steve Coleman,1989,1989-09-01,LATIN,6/8,1,00:01 - 04:14,POSTBOP,MEDIUM SLOW,The Oracle,,FREE,441.239,9.34135408506,548.0
SteveLacy_AloneTogether_PREFINAL,135.1,SteveLacy_AloneTogether_PREFINAL,SteveLacy_AloneTogether_PREFINAL.sv,GREAT AMERICAN SONGBOOK,ss,D-maj,269,Steve Lacy,1957,1957-11-01,SWING,4/4,1,02:51-04:10,HARDBOP,MEDIUM,Alone together,,FUNCTIONAL,442.422,9.64083880353,202.0
SteveLacy_AskMeNow_PREFINAL,85.5,SteveLacy_AskMeNow_PREFINAL,SteveLacy_AskMeNow_PREFINAL.sv,ORIGINAL,ss,Db-maj,270,Steve Lacy,1958,1958-10-17,SWING,4/4,,03:10-04:35,HARDBOP,MEDIUM SLOW,Ask me now,,FUNCTIONAL,442.126,8.34953983002,176.0
SteveLacy_EasyToLove_PREFINAL,166.4,SteveLacy_EasyToLove_PREFINAL,SteveLacy_EasyToLove_PREFINAL.sv,GREAT AMERICAN SONGBOOK,ss,G-maj,271,Steve Lacy,1957,1957-11-01,SWING,4/4,,00:55-04:02,HARDBOP,MEDIUM UP,Easy To Love,,FUNCTIONAL,440.753,6.53163195394,645.0
SteveLacy_Let'sCoolOne_PREFINAL,132.2,SteveLacy_Let'sCoolOne_PREFINAL,SteveLacy_Let'sCoolOne_PREFINAL.sv,ORIGINAL,ss,Eb-maj,272,Steve Lacy,1961,1961-11-14,SWING,4/4,1,02:55-04:51,HARDBOP,MEDIUM,Let's Cool One,,FUNCTIONAL,432.232,7.85646764854,335.0
SteveLacy_Work_PREFINAL,166.0,SteveLacy_Work_PREFINAL,SteveLacy_Work_PREFINAL.sv,ORIGINAL,ss,,273,Steve Lacy,1957,1957-11-01,SWING,4/4,,00:50-02:23,HARDBOP,MEDIUM UP,Work,,FUNCTIONAL,441.802,7.38872793451,303.0
SteveTurre_DatDere_PREFINAL,116.2,SteveTurre_DatDere_PREFINAL,SteveTurre_DatDere_PREFINAL.sv,ORIGINAL,tb,C-min,274,Steve Turre,1987,1987-06-24,SWING,4/4,1,03:37-05:49,POSTBOP,MEDIUM,Dat Dere,,FUNCTIONAL,440.171,8.67397510512,498.0
SteveTurre_IfIWereABell_PREFINAL,257.7,SteveTurre_IfIWereABell_PREFINAL,SteveTurre_IfIWereABell_PREFINAL.sv,GREAT AMERICAN SONGBOOK,tb,F-maj,275,Steve Turre,1987,1987-06-24,SWING,4/4,1,02:41-03:40,POSTBOP,UP,If I Were A Bell,,FUNCTIONAL,441.122,7.39498054965,292.0
SteveTurre_Steve'sBlues_PREFINAL,204.5,SteveTurre_Steve'sBlues_PREFINAL,SteveTurre_Steve'sBlues_PREFINAL.sv,ORIGINAL,tb,F-blues,276,Steve Turre,1987,1987-06-24,SWING,4/4,1,00:36-01:35,POSTBOP,UP,Steve's Blues,,BLUES,440.529,8.54718078043,248.0
WayneShorter_Adam'sApple_PREFINAL,174.3,WayneShorter_Adam'sApple_PREFINAL,WayneShorter_Adam'sApple_PREFINAL.sv,ORIGINAL,ts,Ab-mix,280,Wayne Shorter,1966,1966-02-24,LATIN,4/4,1,01:21 - 03:35,POSTBOP,MEDIUM UP,Adam's Apple,,COLOR,434.435,9.28685397394,352.0
WayneShorter_Dolores_PREFINAL,276.3,WayneShorter_Dolores_PREFINAL,WayneShorter_Dolores_PREFINAL.sv,ORIGINAL,ts,Db,281,Wayne Shorter,1966,24-25.10.1966,SWING,4/4,1,01:57-03:10,POSTBOP,UP,Dolores,,COLOR,440.382,9.45129010153,405.0
WayneShorter_DownUnder_PREFINAL,147.6,WayneShorter_DownUnder_PREFINAL,WayneShorter_DownUnder_PREFINAL.sv,ORIGINAL,ts,Gb-min,282,Wayne Shorter,1961,1961-10-02,SWING,4/4,1,01:37-02:23,HARDBOP,MEDIUM UP,Down Under,,BLUES,440.615,9.75685384491,248.0
WayneShorter_E.S.P._PREFINAL,284.6,WayneShorter_E.S.P._PREFINAL,WayneShorter_E.S.P._PREFINAL.sv,ORIGINAL,ts,F,283,Wayne Shorter,1964,September 1964?,SWING,4/4,,00:29-01:24,POSTBOP,UP,E.S.P.,,COLOR,440.41,11.5113064923,340.0
WayneShorter_Footprints_PREFINAL,137.1,WayneShorter_Footprints_PREFINAL,WayneShorter_Footprints_PREFINAL.sv,ORIGINAL,ts,C-min,284,Wayne Shorter,1966,1966-02-24,SWING,6/4,1,01:45 - 03:24,POSTBOP,MEDIUM,Footprints,,BLUES,434.831,8.17610683108,402.0
WayneShorter_InfantEyes_PREFINAL,51.3,WayneShorter_InfantEyes_PREFINAL,WayneShorter_InfantEyes_PREFINAL.sv,ORIGINAL,ts,Eb,285,Wayne Shorter,1964,1964-12-24,BALLAD,4/4,1,02:35-04:44,POSTBOP,SLOW,Infant Eyes,,COLOR,438.335,14.8125462694,155.0
WayneShorter_Juju_PREFINAL,178.5,WayneShorter_Juju_PREFINAL,WayneShorter_Juju_PREFINAL.sv,ORIGINAL,ts,Bb,286,Wayne Shorter,1964,1964-08-03,LATIN,3/4,,02:37-05:29,POSTBOP,MEDIUM UP,Juju,,COLOR,438.568,8.0098347547,688.0
WayneShorter_MaidenVoyage_PREFINAL,126.4,WayneShorter_MaidenVoyage_PREFINAL,WayneShorter_MaidenVoyage_PREFINAL.sv,ORIGINAL,ts,D,287,Wayne Shorter,1965,1965-03-17,SWING,4/4,,01:20 - 02:24,POSTBOP,MEDIUM,Maiden Voyage,,MODAL,437.573,11.3931327111,218.0
WayneShorter_Orbits_PREFINAL,268.1,WayneShorter_Orbits_PREFINAL,WayneShorter_Orbits_PREFINAL.sv,ORIGINAL,ts,,288,Wayne Shorter,1966,24-25.10.1966,SWING,4/4,,01:38-02:43,POSTBOP,UP,Orbits,,COLOR,441.15,8.15308821608,248.0
WayneShorter_SpeakNoEvil_PREFINAL,142.4,WayneShorter_SpeakNoEvil_PREFINAL,WayneShorter_SpeakNoEvil_PREFINAL.sv,ORIGINAL,ts,C-min,289,Wayne Shorter,1964,1964-12-24,SWING,4/4,1,01:31-04:20,POSTBOP,MEDIUM UP,Speak No Evil,,COLOR,438.758,10.1245125099,454.0
WoodyShaw_DatDere_PREFINAL,115.0,WoodyShaw_DatDere_PREFINAL,WoodyShaw_DatDere_PREFINAL.sv,ORIGINAL,tp,C-min,290,Woody Shaw,1987,1987-06-24,SWING,4/4,1,01:20-03:37,POSTBOP,MEDIUM,Dat Dere,,FUNCTIONAL,440.349,6.81069592259,386.0
WoodyShaw_IfIWereABell_PREFINAL,251.1,WoodyShaw_IfIWereABell_PREFINAL,WoodyShaw_IfIWereABell_PREFINAL.sv,GREAT AMERICAN SONGBOOK,tp,F-maj,291,Woody Shaw,1987,1987-06-24,SWING,4/4,1,00:39-01:40,POSTBOP,UP,If I Were A Bell,,FUNCTIONAL,440.457,7.09085302251,288.0
WoodyShaw_Imagination_PREFINAL,60.2,WoodyShaw_Imagination_PREFINAL,WoodyShaw_Imagination_PREFINAL.sv,GREAT AMERICAN SONGBOOK,tp,Eb-maj,292,Woody Shaw,1987,1987-06-24,LATIN,4/4,,02:55-05:32,POSTBOP,SLOW,Imagination,,FUNCTIONAL,440.393,9.57793381657,336.0
WoodyShaw_InACapricornianWay_PREFINAL,173.1,WoodyShaw_InACapricornianWay_PREFINAL,WoodyShaw_InACapricornianWay_PREFINAL.sv,ORIGINAL,cor,,293,Woody Shaw,1978,05.&06.08.1978,SWING,3/4,,01:04 - 04:02,POSTBOP,MEDIUM UP,In A Capricornian Way,,COLOR,439.058,9.70991079549,762.0
WoodyShaw_Rosewood_PREFINAL,171.7,WoodyShaw_Rosewood_PREFINAL,WoodyShaw_Rosewood_PREFINAL.sv,ORIGINAL,tp,,294,Woody Shaw,1977,1977-12-15,LATIN/FUNK,4/4,1,03:31 -  05:08,POSTBOP,MEDIUM UP,Rosewood,,COLOR,440.209,10.1224984052,392.0
WoodyShaw_Steve'sBlues_PREFINAL,206.0,WoodyShaw_Steve'sBlues_PREFINAL,WoodyShaw_Steve'sBlues_PREFINAL.sv,ORIGINAL,tp,F-blues,295,Woody Shaw,1987,1987-06-24,SWING,4/4,1,01:35-02:46,POSTBOP,UP,Steve's Blues,,BLUES,440.322,8.90010734628,271.0
